Hash_ID,Data_Coleta,Ano,Pessoa,Fonte,Portal,Titulo,Link
86a6fd767a944e37398462f71a5d49ab,2026-08-03 09:13:03,2026,Yuri Almeida,Google News RSS,news.google.com,Confira a lista dos aprovados do vestibular 2015 da Unesp - Estadão,https://news.google.com/rss/articles/CBMimwFBVV95cUxNUmY5ck1xd3dFOURUZWFfZXpHQk1odTFacE82bnJyUWd6SjU2V3laMUk4TldEOGxRQXVoclE2UHZmRWVBWnlFVzJBOWZyaGRqVHRKVGowT3J4ZzIzS2wzSlB6MFNHQTNkeExsZ05Jb3Z5SFJRYWRPN2NlZ0VZSFlPT1RkYTVMSzZ2NXFKRkJaVk1JdU5XSW5MWXlkY9IBoAFBVV95cUxOdnFWT1hXMU40Z3lFLW02alV5dENzY1RHS0xsWjFKNGpoOXVkdDFfa0Zabl8wRzlidGRTWjM2LWl4dlBRcndFeXRHYXVVMUhEUUtrRE9vRmNMSW9lLUcyMTV6TEdSbW5lY0FqeFJtNWQxcUNpM2xuLWJGSmpUVlh3N2liTUtCS0dfQkd1TzBSWmFpRkVXaVhzUG9iZ0ZqRVVI?oc=5
9bd505e3687342a13bddc1da06c1e57d,2026-08-03 09:13:04,2026,Yuri Almeida,Google News RSS,news.google.com,"ENTREVISTA – Uma Luedji Luna para cada um, antes que a Terra acabe - Billboard Brasil",https://news.google.com/rss/articles/CBMiZ0FVX3lxTE9semE5ZXBZMUdlNVNrejVXcnAwaUpmVjlqUlFGcENzazlId2hfeVhDMDJTYTF6S2Fkek1mUXQxd0dOYzlQQzMyeWFZdDctMmFTaEsyUVB2VXA0WS1hYkdNNHpDVjlyY3c?oc=5
1cc4399d0520e745c0e7edf93d95384e,2026-08-03 09:13:04,2026,Yuri Almeida,Google News RSS,news.google.com,Luna-25 já a caminho da Lua no retorno russo ao satélite da Terra - Hora do Povo,https://news.google.com/rss/articles/CBMilwFBVV95cUxQZEU2OUhINWNrdkRsUm1GYzVPbEJVQkdYOS1lNzBBUUczR29ESWJWc3diYnQ0aXJsSTJsYy10VnRyeUJwS3FlTHVBX3lQZmpWUmpXenhqSDIyX0RQQ0gtVkNBZFJybHBNRlcyaGNTUF9tY1I3bDd6Yk9RMDFqU2FpeEViOTlobUs4WktrOWJ5NmFtX2xmN2tj?oc=5
c56aad06cafa22b6985e7b6a39007e82,2026-08-03 09:13:04,2026,Yuri Almeida,Google News RSS,news.google.com,"Lázaro Ramos, Luedji Luna e Yuri Marçal dão voz a podcast infantil - UOL",https://news.google.com/rss/articles/CBMi1AFBVV95cUxQRzZiT0t6Y19JaUpWUzY2aHdVSzlEazRGUThUQUpPdHpId09wR21CemR2Q0puMnoxSjU3UGQ4WkVpR1NvSWR2LWpoUEZOMTZUWGpQMUMyWHotOTJkMkNQYXlnZ1FCNmFteXMwMXE1cm5iLURUaDZoVUttUXd2M2pLeVJIODY3eFF3Z2M2YnByVmcteThQMXZTRmUtWVB5OGg5ajFhb29keWpCSWFtOS1SQ3JFZzdJcXJOcjd6SUxJa3JOUWZNQ2xqUU9nZGFfQW9rS0RGNNIB2gFBVV95cUxNNHZlTG1mVTl3OXc5VHhlWWtUUkk2RVUyOWJKRldVOXVVTmNuTXcwXzQ2TnFtY21WdkV0aVkydmE4ODVENW9NRmxLMDBvMHBYbnhDRmx0dko4ZkdXWjhUMlR5VldRM25XZDRTR21abEs3Z1JFUkhINERkSlRPcG9yVVJRdTBMb2o3MlFHeDZsRVhaTjNDaFBZMVhOQ2F6UElCVG9ja1VleEVsd1k3S2xTaVNxbkhPeklGdGtwa0wtWE5uN3ZZSVBLUHhzdjZkdEg2RkJ1WVM2dkZJdw?oc=5
99e5a4af1c4a7153a897deb31d1034e6,2026-08-03 09:13:04,2026,Yuri Almeida,Google News RSS,news.google.com,FOTOS: fisiculturista curte lua de mel com boneca sexual - ND Mais,https://news.google.com/rss/articles/CBMikAFBVV95cUxPZEJodXNlN21QY0FzTS1MTzkwdDFSekdVRDNPX05DNldqVjhhaW5ZM3IzRkNHUG5ZMS1jMVJ0REtVNjBZd1huM3ItS2VEM21YaHczb1pUSGxTbmg4Z3luMlkzenc5MFYzUUJRMHBwNXYzVjNuMWhQc2VaeEQxYTVZUVUtZDZ1R1hhbjJST0NuTTQ?oc=5
98f0d6a7953fdd6587eac28d2cb5997b,2026-08-03 09:13:04,2026,Yuri Almeida,Google News RSS,news.google.com,FOTOS | Fisiculturista se casa com segunda boneca hiper-realista e curte lua de mel após a primeira quebrar - Folha Vitória,https://news.google.com/rss/articles/CBMi3wFBVV95cUxNM2Y1OVJJa2NZZy1uMkpuaVptak9laDBib3ZTYlZpaDU5ZlA1cFNVYlJLMXlNckVLUDBGckhMYkR4eHNQUWI5bXFta3JLRHBZMV9MTmJFNURVdWptQzBMX3BBVUlycUJzWjVaTGZxRWhrZGZndUcxLWZwc1d4dWIyYW14X2t4SFJ4dG12RXQyODZhV2Rvd0hjMHcwYUNXTmFMTldzeF9vNXY1VUNlUkUzNGk5SGdnWkdmSjZkRm16cFlDQmYzenRPRTkxY0JSdjdGakt3M0c5V1dzUUp4YWJr?oc=5
50856da9234a768c27023691e8ec6ddb,2026-08-03 09:13:04,2026,Yuri Almeida,Google News RSS,news.google.com,"Após se separar da primeira, fisiculturista viaja pela Europa e se casa com nova boneca sexual - Banda B",https://news.google.com/rss/articles/CBMif0FVX3lxTE5aMV9FSl9Ta0QtU1Rsam43LVhIZkFQV1ZXWVVKSXNiSmRhMjBwWkExMnZmMnNiTF8zN2N4MXp5S0N2aUZpZ01IOW1UZUg3b2lyN21YN1o2SEpERzZqenlDNEJaZDdGdkh4a24tcURGSDEza3NjUV9fM3JKYW5EejTSAYQBQVVfeXFMUHBRT2w3VlYzNkRmbEtKWWt5TGlST1BzWlpjMldzZTlPd2dyaEt2U2JiQ0QyUTFabktROWJFalA0TmZqYXNRLU1pM29TSW9ibC1NMVlnMFdLc2NBWXRyUDRZNHFjZUtXdGJlVE40dDV1cGdUYzg5RVRhZUdyZ2NlZzFjbnVB?oc=5
c66fd97cb11cd51302a7fab51945a353,2026-08-03 09:13:04,2026,Yuri Almeida,Google News RSS,news.google.com,"Polícia apreende 130 kg de maconha dentro de guarda-roupas, em João Pessoa - G1",https://news.google.com/rss/articles/CBMiygFBVV95cUxQXzgxZjdjZEdXNEdDak9WVXJaOW1rVk1qV1NXem5HYXZyN2pfUk9SRXVtT0loNjBEWTJYZU9HYm9PeVE1SU4xMHJtUENQWWpTdmdRVDJod2lQMEoyR1J2VU12LWxDV0RPWGE5Ny1qWTg2aXowaGNnei15b3lwTlhUM1hxUDFZX29ERU1ZaVlwdW9jbWs0c2kyb0N1WGZFTnNzM2hWUjdONGlrbVVQUFZPVGxjN21yS1p5SDZwdmM3bm14M2VlYjdxdjJn0gHYAUFVX3lxTE9DTWswam10ejFPdm1uZmN5ZTZ3UGVXWkpWSjcxRkRNd1VBdnJGSnJDQi0xdUlKRFNISGlqX3FYcHNzOUJEdms1MEJfQ0FJZmxrZVVwTm9nM1BfZlBrMFlEZXA0MlRKY3EwZUVvclA0LU1TSUtLTmVhVkplVkMyNkxjdEItN3EwNGxIalN5Wk41STEzMnF0bnpVZzVuRFlSZlVwN3dOZ3BmOFJWeFR1dEh3dmdLRVlOemZfYzBnRElQaGY2cHhnUnUxa3NIc1J6eXNDZ3QxWk9OVw?oc=5
9ee47e681e82b9ea68961fd6d836449b,2026-08-03 09:13:04,2026,Yuri Almeida,Google News RSS,news.google.com,Cinco pernambucanos figuram no ranking dos 100 melhores restaurantes do Brasil - JC,https://news.google.com/rss/articles/CBMi0AFBVV95cUxORktaYmlOSnBfLUFXbTZsc1ZDR2hmZ3hzX1l2YnNONTY1TDRhS1ZaZDdyQzlrNjhMRTM2SWZ4aFE0bG9wMURHVU9BaVhDemJxX2hQNk10VWM4Z2l0aWhPR3dFZGZLN1ZsSkRUTXU0Y0ZwSXlNMkkycVJndUtXUmVwNUFxVWJ6bjFTNm9kNjU1ZWFJRWJOazdNNTFlczF1V2pwQk5GUXhJZGdnYVhBLWtLcU9KUWs0eEFXMjlDNVR0bUp5NXhRTDBSNkxUWFBobEow0gHWAUFVX3lxTE5xVjc5ekZmOWhOa0doSU94TVJpN0QtZkhzcVlBVDZLVVBMbGdsRWhtTjA2bWhKblhTSnpYeHAtSDhiTnZsQWFJVkF2bXhqZlF0dGtSN25CbWdQZnA2enRuWm44RS1hVlB1dDVDbkM5WVQwd2NyQjNoZVd3Z2R1TWFHdm9SRkdXSzJtZnpVbE1PUHFlNmhqWXg2eDRMUzhETjU3V0FYRTRMcy1HZWpheldQaGRmRjF3WFZzNU5hb0IyMUZZVE0xR3piY3IxcUNNSjMtWHYyZHc?oc=5
c06b31f9e9adf60b73ba7ac5bf2bfb59,2026-08-03 09:13:04,2026,Yuri Almeida,Google News RSS,news.google.com,"Após a primeira quebrar, fisiculturista se casa com segunda boneca hiper-realista e curte lua de mel - Extra online",https://news.google.com/rss/articles/CBMi7gFBVV95cUxNMkJYd01xMl8xVDMyYmVzS2c3SmlEb1lza0tZdk15X3lWcnRJVFNDM0R1ZWxpQmo1MzFYT21zQ3Rwd0l0VnpCRUk3dzJJbnJwb2RIbVJDNm1rNlZvZ0NHRVNCUHk0bnB1dG1yaUhKX3IteFJ0b1Z5blIzbWtkQ1lqNWljNXlFRDJuLUhNQW9xVTBiMzlUanF1ZnBjZloyVG95cnRUcHk4NUkzSFBTb01LdUZuRUk5bkdWWk9jR2dCUjk4ZnhraHlzYXZvVzVnVUVnN1dOMlE0SnpKdjdKRWN0S0k0QzFsbXVUQ3lyMkpn?oc=5
cd1b6f6f4cdbd0d22da9557fd67bf992,2026-08-03 09:13:04,2026,Yuri Almeida,Google News RSS,news.google.com,Trio é preso acusado de assaltar estacionamento no Batel - Tribuna do Paraná,https://news.google.com/rss/articles/CBMipAFBVV95cUxOSnhWa2FKZ3NCX2ZZZEZ4dXBtaXZzRThLRy1DTjFlVjBIUkNQU0lvcjhIakF0RDdBemEwN2tTT1pLMEtzdjFKaEVIZFBNSTJGeTdndUYzQkZ4VVZjajJmYXE1ZHJLRmRESTV0SDV5Q0MyYmtZUXhYNGZPUEFaaEdTMDdvZktyYUFNUVd1RjA2VWQzeHBVVDNFR0EtOTdvcUFXczBVNtIBqgFBVV95cUxPMzFOTUQ4X0MxYXhra0RoZ1FWUWkxYkozM1p5ckppSG9XWi1ZS2FMZC1UVnk0VGFMM2lfcndIaDk0NHg4cW9UTzc3TndmZHdNVWU3THMtV0dDaGdjX0pGd1ZzNHF2dXpPWlhFcUhYNDd2N19NZ1V3MUZXc0xZS1RIelBHRWZ3LXVJWV9hdU1teHdleG5oNWM2Z3JoZldrTDJVUVpLUWx0MW10Zw?oc=5
0bbe1972f642da417773f1028df6208c,2026-08-03 09:13:04,2026,Yuri Almeida,Google News RSS,news.google.com,Presidente da CDL rebate bispo e diz que Dom Vidal precisa “baixar a bola” - Alagonews,https://news.google.com/rss/articles/CBMiuAFBVV95cUxNcHJMWHpDOEZSWXpveDFHckp6eEpzRnRXWl83QjlodDFnX0wzSWczQ2VJdXFxZV8ydHpuUWVyckxVU181Q0N2dWxRc3NkdEJhMkw1MlA5b01sYkoycV9sQVJybjY5Z0oxMVNIZ1pzTUhXR1V4N2dhOEFRR25vMm1sUFBST0c5ZXE3YjltTlNYTGVWZzRXMF9sa1o4aGRjc0lTZ094MEZKQWRMalhMcGFxNFZoVmdVMlB4?oc=5
3b7c9bf3ceb8c033d0c34f1faccbfa0b,2026-08-03 09:13:04,2026,Yuri Almeida,Google News RSS,news.google.com,Reconhecimento internacional: Yuri Almeida é eleito um dos profissionais mais influentes do marketing político - Sudoeste Bahia,https://news.google.com/rss/articles/CBMi6gFBVV95cUxNeEdETmxvTjhSajUyeFJ2OEhDWmJCb3M5bVpZUWFES2ZoV04xM0lJVkVCcFBjb1RPazA2QjRIaHprSGd4a2dyR1AtUnJBSmtjWk5VbFJOS3EwZ0liWlhFR2cwTzBlamZLTHR0Yi1oOVp3LUoxelRTUTBlcEx4V0dMQTFUV3k3QWlsUlNJTE9oOGN6NU84TEJ5ci1mVHVMRDQxRTBDTmNLRUxtM1JWRG4zeXZUQXlxN0h5bmZkdEF4ZndWRTFxVDJjVGF4ZW5kblBJLWg5WFB2UE13RWtIa1dSdFJybEh3eExjRXc?oc=5
4e4f4b69b81e5e0443717e0b9803c0cc,2026-08-03 09:13:04,2026,Yuri Almeida,Google News RSS,news.google.com,Da persuasão à mobilização: o que está em jogo nas eleições de 2026 - Panorama da Bahia,https://news.google.com/rss/articles/CBMinwFBVV95cUxNZmJQWTZyMUNXS0NwSER3Y29LTWRoTm84LXJGbW5NZEswaF9Rem8wdm8xVF83aUZaOFZqdTE2RWZGdG5VdUx0SlFicFE3clc1MWVIZnd1UnZKc1gzUkZyeUExd251QmZtYjRlT1Y5WFdlZkk4NWppek9jMklTbVJmWjkzMG5XT2lQSF85RW1fU2xBUW9ldTVmd1VQMERRcVk?oc=5
fb6da65fa31fb733d1af35cd0a9078ab,2026-08-03 09:13:04,2026,Yuri Almeida,Google News RSS,news.google.com,Penduricalhos pagos a magistrados poderiam derrubar mais da metade do déficit de juízes no país - ICL Notícias,https://news.google.com/rss/articles/CBMiwAFBVV95cUxQOHN5NXNRU0xNd0d6cEpHcTByNmY1ck9qa3VRb0pxT2FzSFBKVWJPSnZzUEE2OWViWldYV2p6ZlFxSUdWb0h4X25ZRTdoVWlha0ZaWjFKdzlfb1poNlJaWGVYcFpzQmdFTmtsdHMyU3o3RU1sUjQwMHRWOXBMUkZIdU1hYVc5ZWdDX1Q3czZxQlJvcGpiSmRqWVFyMzViX1B4SFhMWU51c0c3RlZKblZCUWduSHRHN0VLZTJzNFV3MGY?oc=5
fe6d4853422c192487301ec7ef056c4a,2026-08-03 09:13:04,2026,Yuri Almeida,Google News RSS,news.google.com,Yuri Almeida — Projeto Sem Migué - Universidade Federal do Maranhão,https://news.google.com/rss/articles/CBMihwFBVV95cUxNWVhUYllGdDIwLWY1MXkzWEYwN2tBQzAwTVNNZEdseFhWRDhMQXhLQ0hBV3hJeXhnOXMwdktDLVNONTg3WXFFZXhIalh2cS1aNFkyUk12NF83SThmbzZtWVZjeXA0azZxc0RhTkpLeUZ0MU9vTWhqV3o3NnhVV0tjMm55eEtQRDg?oc=5
e1e202c0e9fdf7483aae1990cb608972,2026-08-03 09:13:04,2026,Yuri Almeida,Google News RSS,news.google.com,"Yuri Almeida, de 29 anos, é morto a tiros às margens da PE-365 em Serra Talhada - blogdosilvalima.com.br",https://news.google.com/rss/articles/CBMirgFBVV95cUxQYThIYkpWRmFDQ2FOMXNNaTRwV3ptSXdKUmtDUUZ5bnEza0h3S2I2NXJpQmIyNVV3ZWpqbVd4dHJsLWdhZFpBUTBOVE82bFdCZlBYMUgzVUdqMVUtM2lldUgxYjJmWmF3ZFNQVHIwUlpoY1l3YWxmTTgwdWI0UEwyWkVSc0h4RGRZdmd3ekk0Tk9BT1l2ZWFHQmwyX0JXRmlIdUhyVHJmSVFfZmdsTWc?oc=5
683c4de4b6ddd9bcf1c814b0810edc52,2026-08-03 09:13:04,2026,Yuri Almeida,Google News RSS,news.google.com,"Bolsonaristas lideram engajamento nas redes sociais entre deputados da AL-BA, diz levantamento - Bahia Notícias",https://news.google.com/rss/articles/CBMi2AFBVV95cUxOc0ticG1vN2c0Rkh2bEdVQm5VTng1SWxJZ0VpSi1kTE9jNER0ZlpSNWk4d29HOXlNUlJVLVd3aDZJd2RCdklieGhWSlQzVm9aYVhIdzZJUGIxWVJ2Qm81Qk9NaDc2TldTRFlnMHRoMUhyRVdobkFDTFZaT3UzWFRiVzhaOGVGUmRXanR2V3hGTzVaNUJuQk5RN0RSYnBlMkkzYjVpU3R4ZVNXcVRMN0JCRlNmU1NfRkRQNGNfTlZmM3ZuQXdRbUxPZ3FkMGxqN05QSWRCcGtGQ2I?oc=5
4456f4dccbda54403efba773e04b6e5c,2026-08-03 09:13:04,2026,Yuri Almeida,Google News RSS,news.google.com,"Segurança digital, com o jornalista Yuri Almeida, é tema da última Conexão Pascom de 2020 - CNBB",https://news.google.com/rss/articles/CBMif0FVX3lxTE01ZV9nS1JiOGpFYlVEdTVEUVhlR1FpS20wbTBjWExOcnZzZjNlTzQtdTFmZnJQZWt0RkZHektwTlJLUnBZS0ZsemZXQ290X2lrTWpIS2xsbEVjUEwzRC1nQWRaSy1XaEljTXBOTDkxd2Zhd0tBeERBV1h4MG9rT1U?oc=5
c34790cad9a1d9c7298ec959b5cc2aeb,2026-08-03 09:13:04,2026,Yuri Almeida,Google News RSS,news.google.com,CAPITÃO ALDEN LIDERA ENGAJAMENTO ENTRE DEPUTADOS FEDERAIS BAIANOS NAS REDES SOCIAIS - - Bahia Economica,https://news.google.com/rss/articles/CBMixwFBVV95cUxPU1BPbk1vbV9KWDFLTUVIYzF3T292Wi1nTDhtRUxEcTAzMnBTLWNxS0FtWWZZbXIzYjVPdlBNandjNHQzdkhoZVE0bjBpMzRVTFRQUWwyaWZWeVlrMnpuZXE1QWJkTkF2UEtvMnByVmZ6Z1gtVnljd254YUh0cXJTbi0wR0loRXE0d3hLa0t5Z1pieGlCQlNHRmVFc1k3N1BCV1dZUHViclZzRHpEbVkyS1N5bkhGUDFWR05DaUIxTGJ5eE5Ea0Fj?oc=5
98acd1ef47da55431263f99eca03c5ad,2026-08-03 09:13:04,2026,Yuri Almeida,Google News RSS,news.google.com,Nova cafeteria no Jardim leva conceito de brunch completo a Santo André - Repórter Diário,https://news.google.com/rss/articles/CBMivwFBVV95cUxPb3FBVEZSaXNfbVZfeUVmZE0tcjV6akxrRmRtRWxOSW1WcXpWWS1qV3dpNTB4SHRqWFBETFFWWGd3UW9qR0kxSmVMemRMNjF4dGhpN3YyM2F0b0tQZ3BqM0Z0MVdEMllnM2tHX0dwZ0hxTzVoVTBuS2pJWE1kZWpfd0N6dG5CZlpwMnBRMTVTOTMtSFVITHA5THJIdVgzWnFXN3RvQ2JLVUUtOHRMWGlndkVDNXc0bk14QUVkSjE4OA?oc=5
dd1a80844f6588063e0c3c77d843f3de,2026-08-03 09:13:04,2026,Yuri Almeida,Google News RSS,news.google.com,"Cecon/SP homologa acordo de R$ 28,3 milhões e finaliza processo iniciado há 45 anos sobre aposentadoria de trabalhadores da RFFSA - trf3.jus.br",https://news.google.com/rss/articles/CBMitwFBVV95cUxQT25ZNkxvWWlSSmEwVDVQQ1hiZnByRG0zRWlSVmdZREZGRGU4Q3o3bHVrdXVvR0hGUlVpeldkSTZWMHpxRGNTaHZGcDJLM29aQk5Ic1RyaFJSXy1pV2VMY1hSTWJNMUVhWk5OWGdwcnJPTmtHRS16U2VUZnljakpZeHdkZW0xTlVEMXN1bVIwRnd2ZDVHSXRObFk5UEY2bi0tSTQ3NmhvNUw1Y1Z3X2VHdWU2S2szeDQ?oc=5
bcdb5f20e287d056c3885ea556c057f7,2026-08-03 09:13:04,2026,Yuri Almeida,Google News RSS,news.google.com,"Em evento de integração, Semsa Manaus destaca carreira e valorização do servidor - Prefeitura de Manaus",https://news.google.com/rss/articles/CBMitgFBVV95cUxPalJob2FYaDFDamM5N2drMlVnczEtcFlXMVF6Mm95UFFYY3J3cW5wRWlQLUFWVy1rV0lodXJ0YmExaXhyRHpxZ3N2OGJiS3lVQTU3MkNuOXZSNUJBMl9BTXllbTJRTWJqa3o3b3BWZ3FScUZWeWRTV01aOVFQd3BSMEpqcHhtSFNNdUNjZGppVUVFdm5VenJFSERoSlBZLVJLeEY0X1Q0emN1Z3M5NmFTaVpfamRWUQ?oc=5
52a747de7ab6fcb3b1b1a61b51724f78,2026-08-03 09:13:04,2026,Yuri Almeida,Google News RSS,news.google.com,"Polícia investiga morte de jovem atropelado na BR-116, em Caxias do Sul - Leouve",https://news.google.com/rss/articles/CBMisgFBVV95cUxNb2xWOUpJczhkb2xNNG13dW03eTN4YTN6WWViVHljNjJObk8zZ3RFbzQ3T19DbE96cFNFREFpd0gyUW9WM0c4dTRmWnU2SkdxZmV2a2VQM256Smc4MWRsMWgzQ1VoMlpaZlQ0LXVvVk5lMExjbjFDLW5jWTdVMjJNTmRnYy1DUnFFWGJpZHlncm1sM0NMQzhXQnFwdGFoc3FuVmxLN1RZZ3MxaXlYSjhZcVVn?oc=5
d30865f3453324ecc747fcec518ab33f,2026-08-03 09:13:04,2026,Yuri Almeida,Google News RSS,news.google.com,"De saída do Flamengo, Yuri de Oliveira viu oferta da MLS 'travar', é sincero sobre pouca chance no clube e carrega para vida o que ouviu de Zico: 'Especial' - ESPN Brasil",https://news.google.com/rss/articles/CBMilAJBVV95cUxQU2ZmRDZJYm90UUpqeWhQU3pBN3FMS3djcHZiaXJ4VHpHRTQ2LWE2VzVGYm5Ua2pPVW94Z3preWVaRjFNenlsT2hGZG9LbV9nM0xhNXZUV1A2eWVGdmxTZ2h5N3RMY3l0TGk4Qm1iZDZxQm9ERDRvTUtscFE3UXlwanJrN21HOHF2ZkQtSThBTTFwa1kzbklXRGVmOU1idWJVbUc0NDVKMUFRWmZTV0tsTmxCeDJzdUctNVJPRThxY3JXWjljdkFDcC1HUHVkSjJOd2NoQWhaVDlkOGtqNGw5c3lmcjJkei1wWENyLUpMU19TcW1rd0xMekp0SzhzNGktYkRGaG1MVmJlazc5Y1VzWWhfNi0?oc=5
78428d9b1eb03a8cebf3102905e4c9ea,2026-08-03 09:13:04,2026,Yuri Almeida,Google News RSS,news.google.com,"Em laudo técnico sobre Anexo 3 do TRE-BA, engenheiro afirma que segurança do prédio está condicionada à execução do projeto - Fenajufe",https://news.google.com/rss/articles/CBMipgJBVV95cUxORlFMbEVIYjMxYWsyaW04MFBWNk15MEo0MHFkWllXVmxScnZlWmJTZDRLNUhvXzA1UWdsOUw2UGZMbDdIOGhfVDI4UXZDa2tDWVFqQjZCdkl1TzdDS0xDYklJS0tfOTRUSEl1LWpScE8wcGIyUzdQN3pCQUtOUVBPY2J0WXh3ZW4wamlFdUdycW04dXYxdnBQTlFueElIZmNlUmFHWWxER1lTMEVWcjNfWXdMcjVZS2tQWkVoeHNwUU5iWUdZaDlDWjVpUU5JR3ZQLUlaRG1HZmxBT3k1NEdpRUpwRHJHWVFrS21oNmdJWGFnTFVSblJ6eGhPOEhjRDlqQWY2eTdvU1R2MW0taVNONGtJVUo2Q0NxWS1OTGF1eXowUlprZ2c?oc=5
5b2fa8680abf7c521e349fa3302f9fb4,2026-08-03 09:13:04,2026,Yuri Almeida,Google News RSS,news.google.com,Cisp de Alagoinhas debate fortalecimento de ações de combate à criminalidade - Ministério Público do Estado da Bahia. |,https://news.google.com/rss/articles/CBMiTEFVX3lxTFBTZkI3ODNoYXNuOFdrc2dBVzAzRnZOYkdaZkVtRWdKN2cwZnAySFk0SHZDZjVUcE85a214VXo5NTFNelJ6ZUJoMzZYZHM?oc=5
4156ce5051b5cc1aba3c94a67d855556,2026-08-03 09:13:04,2026,Yuri Almeida,Google News RSS,news.google.com,Memes ganham espaço no marketing político - Terra,https://news.google.com/rss/articles/CBMivgFBVV95cUxNWmg3SzFHcGNrOE1TRDBJc2VlWEpZRy1qQ2MxTzl5QURsY0JSWGNUcVlNTWE3T21Vd18xMUZ5RHJPQlJMaDNLQnJIVmZLZGZCOGxQWXNoLUxQekZVY3pzV1pLS250TlpkVDhOMlkxdmFDTHIzWFN6T296UndDNV9QMU1zNlJaZ01scWZ5NVB5dktSRldtWTZ4UktRV3lXYndYVHU2OTZHYXl4TU9ZZU90VU5WUlJBaW9GRTEwZUZn?oc=5
e9219854a37dd12625aea6994db39908,2026-08-03 09:13:04,2026,Yuri Almeida,Google News RSS,news.google.com,Brandão decide ficar no governo e apoiar Orleans; Senado deve ficar com Weverton e Fufuca - atual7.com,https://news.google.com/rss/articles/CBMiuwFBVV95cUxOM2hacW9MR2dPclR3ZkRoM1lUZXp0TFJDVWFZV3ZVd0RZWlU0TTNKRDJHZnUwNlJuN1loS0lwaURQVUhicWN5eEJzNEZPUWRDZ1A3dVlmdzExOU9jYlBHMGt5TEM0dDhYMW80eHZxdTV0Yk9ieGdWekNYMWdVMUVvS3dOSF9uMGFlcFM1bWU0eWo0TEJmY3E0Wi1CWVZaN3ptSHM3WnRSNVlPWmhtTEs0MGg4X1BNcldTZFVv?oc=5
9392da03efcc5865f3f24d0ccd8c6d72,2026-08-03 09:13:04,2026,Yuri Almeida,Google News RSS,news.google.com,"PM reformado preso em Ribeirão Preto é suspeito de integrar grupo de extermínio, diz promotor - G1",https://news.google.com/rss/articles/CBMi9gFBVV95cUxNbTlDTU5DOE9HNDZ3Z25tbGlxTFMySXdtZnVuMmFMR0I0UndsQ3ZMQndmVjJsbGNlak1FTjVDMDJRc3dvUlcwUDFpQTgxaXJreDVpWGwzMjBMSF9PT2lEUkVfNTNEdl8zX0NuQi1qMElaLXFUTXhidEVzMG4zT2xLd0F2eUwtTzItUDVUY0xXa19hY25RVkdsNGExVkRULUhrM2hnTEEtc2lQc2ExeVBRSTN5RXdjWS11TnRyTEVxaUdxb2Fra0xfdU1TQXBVQTYySzF1V01yZl9oSDczWk95dDlwa0s3YzJPYzBEcktjZ1plWFF0dXfSAYQCQVVfeXFMT2hrVXlqd0pKR2xzYlNXTDlOWGZXY3hxQlFucmNOM0s1OGI3N1Bub2lHYkQ0U2dJWlZUMGt3WEZGYmVCT2hyZzBVaGVHbW53RWtrR3pxajRNMVhVRmdXZ0NPVkdtUUp4aWlVSzhpT2VJeDVHa3BUa2l6RTRmd2ljM1hpZ1pjcUZFY3RvLWVRS0hwY3dLN2dUWUJqQzJSTzBlR3lTdUswUzNHQWYxN2RGa2Y4MkFtb0xlYktsTzJUcXhYY2VzMzFfcXptSHJ4ZjVlM2sxWFNCVklLRkN0b09rbER1N25valRNX0V5bGVxeGQ3c2pGOGhZNE1SakM2WUhBejUwVGM?oc=5
7199fb9498ca80ebcfb9ea08b837a322,2026-08-03 09:13:04,2026,Yuri Almeida,Google News RSS,news.google.com,"Sempre alegre e sorridente, Yuri deixa recado de gratidão à vida - Primeira Página",https://news.google.com/rss/articles/CBMirAFBVV95cUxOYUFYTzRnSklvR2Q2QXZZdmd3emxrV0MyUXplamNjdUJFcjN3d1YzMGVFLXl4dkQtbUk0di1NSHd1UTFVZGpuTVllOGp0aHBoQjhrMTRzS0I3WndfVFRtTnpxNmg5c01qX2JMRWJGdnZGeGg5QTM2YnVjUmItZEwxNk5Mb3pXY3hhQ1pxUk5VQTNFZ2dpVXRIRkt6NzJVbm1BZHBmaEFtbnZ6QVc0?oc=5
21a6f13effdd159affa1b8d097c8f66c,2026-08-03 09:13:04,2026,Yuri Almeida,Google News RSS,news.google.com,Hegemonia do PT no Médio Rio de Contas isola Zé Cocá - Política ao Vivo,https://news.google.com/rss/articles/CBMihwFBVV95cUxNbTkyN29abjc0UVk4WV9XMWkzUFc3dE1JV0J6ZHJuVHBFZ1pnbF9KS1dfa00xaXRXRjlodndnNHBweE5nRnJJWURxN2hyRkduem1GcjF0Q0ZCSVNncGdnWXNYUnF2b041VVFkdGNjNkFGSlo5ZUYwQlprN2FManE2T2w1eUU2WjQ?oc=5
2cb39859a43b8c916713f08885e9023b,2026-08-03 09:13:04,2026,Yuri Almeida,Google News RSS,news.google.com,Eleição em Petrópolis confirma Hingo Hammes como próximo prefeito - Gazeta Brazilian News,https://news.google.com/rss/articles/CBMixwFBVV95cUxOWWw0SGRROGZvZFgyb2N3Z05jNmNtX1k2VjZSdnNNRHk0aVJrNG5XWDdENDBEVWNPNEdHYnJXNWFTUHhqR2lFcEUwZTRWUEdoWmFhQkkyNmFZVkJjN2hIY2IzenRqaDkxdHhVWk1VWWFaVG9MQ2ZPcENXeFBFN1JNUFAwaFZxR3FTdVM2LWkwSzBkWjExM2RiUXhqZWFpZUJUbWpDck5ONm5JdFFHNkJkT2ptaklKbExDOTRQbDloQ3ZTVnFmemE40gHMAUFVX3lxTE5TRlQ4YW1mRnJqaDBRMkpIRDdnM3U4VEU2LXVGNUxzbUtqTGxmVGFScTlvTHc3OUotRUJiV2RoaTd1RFVpTjhpd2E5czJFNmFxZC1UOGktWTAyLWlENzBEY3p1Q29lVV9mbmlkeUZNbUdvcFFnNUNsV3ZleGlTLTR4UVpQVHBnZUoxblpaU3pxclQ5WEw2NHZHY1E0SEV3eHMyTjRLNjBtQWFCMGI2MkVUUUd4c2pmSlJubjFMcmxGTGprNHpIYXdXVGZNMQ?oc=5
0fffb5af5f3d74794702f1e54dd0ff88,2026-08-03 09:13:04,2026,Yuri Almeida,Google News RSS,news.google.com,De ex de cantora a campeão com a seleção: cinco nomes conhecidos que vão jogar 1ª fase da Copa do Brasil - ESPN Brasil,https://news.google.com/rss/articles/CBMi3AFBVV95cUxOa0FrV0MtZnBYQlhBZHd5VXVIcjlMQ1pTMWo3cFh1N21XckwydHMzRzJVOTRqMmJoRXRfOUlXbXBuX3JobG5sU0VrRUJtOGNIU0ZLQlBlN1g4eXdIZlh0Z3FyQzVScU5UQ2RORTAyWnZURThwSXhiX1Y3Ym9nb3BPOHkxODhQUzl3emRVY1JQdkgybFd4dGQ3RnBOUkJYTFpTaVVCMWRKNzlkRHJUc1d4VFF2NlI4NUxLY2dlR1JLeW5qQ3dkSGpMZVpMRzQ0cXhLREZkUFRzSlZVbGNW?oc=5
943187386cb605cfb1b04f10c262c4e3,2026-08-03 09:13:04,2026,Yuri Almeida,Google News RSS,news.google.com,Confederação Brasileira de Futebol - CBF,https://news.google.com/rss/articles/CBMilgFBVV95cUxOdmZnbDFtalRsTzczRENnSm81b1VqTUw0STVsdWpfcFp6dXNsUm1TMkY5RTNsNlFCMU5JVlpZUTFaNzVqNFl6amF2aF84MngyaHVTQ3VEeTZ6WlQ1NFg2VWxkVVJlZHF5NG9wYjlIUWl0Qjd5NnVtdkFoQmp4dXlCNkdnc2hkeWJ2ODIxalNoVEVTN2RGNmc?oc=5
2e0a7b80a56d0be8e51f0de13cb3b637,2026-08-03 09:13:04,2026,Yuri Almeida,Google News RSS,news.google.com,Pulo de corda ou jump rope: a nova modalidade que vai brilhar no Arnold 2026 - DIARINHO,https://news.google.com/rss/articles/CBMitwFBVV95cUxQcmd3WGdXbENjdWRCdk5WX0RwcDBvV1JDblhHYnhQWWppSWRNWUQ2NGZKUXlsWkhWU3hHTVJiNmlwMUVEX0JIRjFYMEFxNFNCdXozS0tPbmZkdWJralk0aHI3Vy05NlBRbmhrbzR1MExkZ05DcFNBanF4OXV2OGs0eEJpZHdVeVJOcGFSaVg3Q1pmRXRhOWpjR2RaU2w5ZmZKRWFaMGIzRDlqTVNOeUFIOXBuOGZ4WUk?oc=5
a586031aa55c085381b86c7097143550,2026-08-03 09:13:04,2026,Yuri Almeida,Google News RSS,news.google.com,Candidato Yuri | Eleições 2024 - Estadão,https://news.google.com/rss/articles/CBMilwFBVV95cUxPZlZZSGwzQVBrWGFCUmFBQ0ZPbXJQZWJHZmFoMm1OQVdweVdTb3VFSFdUbV9CMmdzSWJmeXNnMktLdnVyUzB2SElGR2lMVDlVNlRkVW5FYkJGWHZrYm54U29WX3FtUHBJNm9aa0hLd0dYX2pOTkpvNmlwOU9INk1kZ0VMaGNId3ZXSUNsMDdYbFJCTktDdUVV?oc=5
8255b0b474f0a1b901753728116f2a6c,2026-08-03 09:13:04,2026,Yuri Almeida,Google News RSS,news.google.com,Arnold Sports Festival chega em abril com campeonato internacional de jump rope - Gazeta de São Paulo,https://news.google.com/rss/articles/CBMic0FVX3lxTE14Y2NQbjFOMTJsdlF2dzQwdEtEcFBlNkt1QnFmTWRPUFdIWnNBVTV2SVIwTnZvRHFPNkJVM2dPTXl4cGhZZWZpVGhDTGNPZTJEbU5sWmYzS1VvZExuaGhDbjkyYS1teGhGUDJsV1VqZ3ZDWG8?oc=5
26209db53a299ee6ee2b8220f959a7fc,2026-08-03 09:13:04,2026,Yuri Almeida,Google News RSS,news.google.com,Ministério de Anielle Franco demite secretário por aproximação com Silvio Almeida - CNN Brasil,https://news.google.com/rss/articles/CBMi3AFBVV95cUxNYk9IWi1GNE1oMy1iZUZ3NUxYNkpBc3Z0MTVBa2VFa1pSWEIxT29seEJSOTVYOHAzRjVINkNEa011Y2FScmdKRXdKVmhjSmtnazM0eGg2UVFuc1BkTmNiNF94MkhaUUl4ZzdwRXNFcTM2ME82TlY2YnNybHRmX2dNdEdpdjNJdnRIdUlCNkJIYkZ5QldFajVoTEFiY0pxakRHVEptMnhaWEJGMFlqS2NiMFpYWmZMNjJaX2w1bEg5YXlnZ3NrNDE4aFcyYTVSNFdYZHVyU1RJWGFmZ2RO?oc=5
7326bacb191aa0e39e2a1fc5c11a0008,2026-08-03 09:13:04,2026,Yuri Almeida,Google News RSS,news.google.com,Jovem de 22 anos é encontrado amarrado e morto em distrito de Extrema - G1,https://news.google.com/rss/articles/CBMifEFVX3lxTE9PUlRoRldiN2lraEVEZ0RpV2lSems2aXJkc2ZTN3oxaG9lVG1KaW9ycXVvaUxXTWNiY1g5SlpnM3A5WUNoQ0NDdFctQ1B0LXRCcGpZOWdFc0hUOGcxcDZPZnh4QTIwZUtpb2tXd25OVVlNNlNIR2dnSHc4RUXSAYsBQVVfeXFMUHJGQjVDWllHd3hiR0JHcU1MbWpjb2tJZkFuUS10cHFrMldtSjlIb18tcEdlVXI3Y2ZPZ1gyandsa3VrcHZ0Sy00a0ZiQnB4a1VNeHFpSlVqaXhVLUhJQk1zdDJFd1RuOTJRMHpBcEhJN2xLS2RaUjZ2S1VERFBTb3pFQXZCb1VMVHA0VQ?oc=5
1e77affd63579bbcd903b90a8dffd954,2026-08-03 09:13:04,2026,Yuri Almeida,Google News RSS,news.google.com,"Três corpos são encontrados carbonizados dentro de carro na zona rural de Itabuna, sul da Bahia - G1",https://news.google.com/rss/articles/CBMi4wFBVV95cUxPRFhtYjNlWklqUU1KNk1JTnk4azJKalNxbGo3VHItX0c1S3dRc3JZVW14YTMxWmxBMkxhc2VxM21LNXFBelRsNFJSNkM2Sm9QV3BKT2pHUmlLYnF4UmJwZWdETW5RSkhXWGNTZFd0QmZSOC16Tk5tNTdzU1pRMGJiUzJJUFU0eGdvN3ppSEJJbWRZT2dwdjZ6Tm44Y0Vtdm1TbFNqWG1tbVRDQTZTc0pvN2JncVdMLVVGWmRFZllrX1ZTTmhvLTUwRm84RGZkSDFSRVNZMmFPWHlKVURkaFlZWERicw?oc=5
a2586a2a9a46bb6fa03ecef68eb6c0ff,2026-08-03 09:13:04,2026,Yuri Almeida,Google News RSS,news.google.com,"PMs presos em Ribeirão Preto, SP, são suspeitos de receber dinheiro para matar - G1",https://news.google.com/rss/articles/CBMi4AFBVV95cUxNWURVUUpnclk2ZGFxb0pOYUdGYWQ5UGNzbDRTVmJVejRoRHJUSFpuUEN1azZza3NSLU9NUVVDb1ZtSkVlYjNnck5relMwOGJLbV9QZ3U1Q3ozWkFjQVlqUWY4bENyaU9XY0l0c29od05DM2xLdllUVlF0UHZpUkllbG11N3F0MHBTUnpGbGdsN3cwMmVieXVGUUtBVHR4b3pweWN5dzMtNzhUcW9CcjhTYTh5VzNlRmxZRUhENU9FX2lwZ0RXLUpGREZ6WFQwQ1FLRzczOXFYYWZISFhHWURKMdIB7wFBVV95cUxPLWdkV0dsenczVndzRGxvaEQydlNsWFZtS0RxUWVlNUUzSFJFMlQwd09DVzBvQ05ZZi1qaHdLSkl3VkVpc2V3R2t4ZTJFZkhRZ2xvTHB3R1hxOXE4S3EzQTQzWVBhZUJyWmUtblRQWW5nZG1UZ0dSeUZDUWUzMlg0T3pKc0JHaThIWER3NkhRNFlDNTBNb0JkWjRya0N6UDBjakNiM0xwQlM4WlIwOXFmVmR4VGFDRFhwZGNfX1JsbjRWNGtuNGRzMThXZ0pGOVlZWmFxWDJ5dlg5clFndUVNeDJ0T1NYQ2wwWE12SS01QQ?oc=5
872c74b4a4ad643dfedc00d372e0fc8e,2026-08-03 09:13:04,2026,Yuri Almeida,Google News RSS,news.google.com,"Yuri dispensa apelido ""Mamutelli"", vira pai babão e vê valor de mercado subir - ge",https://news.google.com/rss/articles/CBMi4AFBVV95cUxNay1QODI1U3d3c09MMVhIc1ZZRUlHWFlwTEZ1eEhXSWZXYnRCaGUxSjlqZHVUSjFNd3U0b2lyb2hiUE5Va0Q4djdpaTBLQmJwQ012d0p3RUJ5NFFwaW13Q1ZUVU9fOFFRS2k2UHp4Nnk3ei10SzJUQzhRNzc2VS1lckxWbS1kM2kwck8xUFVwd2VlaXBKbm8yXzh3Y0Rqb1c4Y0lBZkJBUXRmRFF6RDlFU1o3bG9iY0NEYmFMYTBJRGtUeENKQU5Pdm1OZFc1a2RFVXlGMHVTMmp0dVh5ZmJGSQ?oc=5
772afbdea4d9a76efe9b7db4df77f776,2026-08-03 09:13:04,2026,Yuri Almeida,Google News RSS,news.google.com,O casamento de Joanna Macedo e Yuri Aguiar - Portal IN - Pompeu Vasconcelos - Balada IN,https://news.google.com/rss/articles/CBMiigFBVV95cUxPZFZNNmpWUi1faXdiYURpOUU4R0NpNGNGakpjV0hQWWtjeUg2X3dFeFB6TjVLekFwNVJidnNILXp4TVk0SE1NZTJMM3RDZVpQRkltU2lUZTkzTlhhVVZaeGJFLXJrWThsNlk3NWE5UFFycEdSMGVPbHFjZzZaUzlMTXpvemtFWVI3c1E?oc=5
15edb0ea3884e2b4193db043f92a75d7,2026-08-03 09:13:04,2026,Yuri Almeida,Google News RSS,news.google.com,"Esquema entre agente e blogueiros funcionava à base de extorsão, diz PF - G1",https://news.google.com/rss/articles/CBMivgFBVV95cUxOWXMyT1RIdERBZzRkWDdsNUtvcHVIdXBNeGRjVFBGZjlRUmJ4cTNDNm56U1dYN185MUhXdDdISWtSdUZndjhfR2dUVWF2by1RUzFFWkZoRWc0MzduN0g2MXFyOFptTV81U2lkakVJT1ctUlFqSTAwZUgxcnJxWXRpVWdqcWJUNEdqbzZxWFBQQXBNalBuWVUyRi1PRlJzV1BILXZ4NzU4clg4M3JZOEhIY1lGdDJrUWRyclY3a1pR?oc=5
758c9c53f106fa0d209f7ccba7d0ad21,2026-08-03 09:13:04,2026,Yuri Almeida,Google News RSS,news.google.com,"Rodolfo Laterça, ex-presidente do Conselho Deliberativo do Goytacaz, se envolve em acidente - J3News",https://news.google.com/rss/articles/CBMivAFBVV95cUxPYmdodEhlN0VrX0VFVGpCNVdkbXdWZ19OcnhfZElNdEtMcEI0U1N4cHVRX2dSR2tRejJ3VkF5MU0wMDFXYnAyN2ZOSC1VbDY2VkF5QXJHUnN3alI1dm8yWVFFRHR0MzNuWWhwTWZSajIxODZuc2dyR040NUxiTGFZcjE4eF93Ym95Rk1PWm9RUjR2TDJxVElhdV9YN19PSHZjVjVoTjBMbzlSWm91dzdYMkI5TUppNjdKSjBjbA?oc=5
d7d1832da9f8205bf1445495e211c79c,2026-08-03 09:13:04,2026,Yuri Almeida,Google News RSS,news.google.com,"Anitta, Nego do Borel e axé representam música brasileira no Pan de Lima - BOL",https://news.google.com/rss/articles/CBMivgFBVV95cUxQaHluZk1Hc2tFU0oyZ1JFOWdqQVkzQy1DZ3gyZWhDQUFwTXNfclVjdXVKSU12YnQ5RGFrbVg3X3BfNkxaSEY2dGFRYUxvYW44UndhQVR5OWVDTnhYU1kzLUM0NzJnV2owOUdqbUF2SEpHZlZHTlN5OTNQeGh4TE5WM1BheVc5YThrcUN2eTlSTWJjdVFYUFRKOW5ZdDFZRDNUN2VCakdObTdmMjM0bWc2bzJNUWpzenRUU25ZRml3?oc=5
a08dd9b5a63b0b95739807d9cf72006f,2026-08-03 09:13:04,2026,Yuri Almeida,Google News RSS,news.google.com,"Major RD e Xamã se unem em ""Só Rock 2"" - Rota Cult",https://news.google.com/rss/articles/CBMieEFVX3lxTE5LZ3F3NkRZZjlqTVB1N2Q5anlsRkJaWGJ0S3JVTjhlUUw4T0RXMnpwQUhXMjN2N1VZS0xMWTJzZ0daX1JtUXBYWi1Hc2VVRXBoMmZqd0RSV2NsUE01c29kMWt0Z3oyUl92NjkyZ1p0VXZNRzJrenV3Sg?oc=5
3f404b9c8a8a4de9de8c8adfab1d734a,2026-08-03 09:13:04,2026,Yuri Almeida,Google News RSS,news.google.com,Recadastramento dos servidores de Palmeirais inicia amanhã ( 8) - CidadeVerde.com,https://news.google.com/rss/articles/CBMioAFBVV95cUxQc3NQYklTa2xSUjlTbHcyOUFJZzgzU1dlcjNzeVl2VWtUU2xHNkI5WE52R2pYaHRyVGx1MTJxalA3ZVpBem5QZG1kOEZKcUZvVVhCVWNKZzRIbWw2Q1F0Y2xzYm1rWDJ2Z08taWhOVlV5MmZlVzJPbXdaOGRmZWZqc19TRTRiLS11b2RsbjUyT3d1bWQtWXUxR3pPTEFoclZY?oc=5
bf249006ba9d497487b425fe5a08c1b4,2026-08-03 09:13:04,2026,Yuri Almeida,Google News RSS,news.google.com,Alexandre Almeida pode ter encomendado atestado médico falso - atual7.com,https://news.google.com/rss/articles/CBMilgFBVV95cUxNQVhCSE5RYUZ5WDhjdzk3azBXcS0zV1pMWGNpdXUzb2NPLWppRkRUaTBmUEg3Wmp5S09XbC1qRjBMWWpoMGF0NVJDT1c0Z084WE1CdDdKV2hXSWdLNTZvVGk1V0JRMGE3WmVDZi1KejZHZ09xd0pvVWstd0lSNmQyeFk0NEtSekVJSXJJbFlPRG5CSFdDMnc?oc=5
8d29ad8566ebe2b8805256651f89f9e1,2026-08-03 09:13:04,2026,Yuri Almeida,Google News RSS,news.google.com,Pesquisa aponta que só 6 deputados baianos lideram engajamento nas redes - Panorama da Bahia,https://news.google.com/rss/articles/CBMipwFBVV95cUxQSWlUUFd4OW1TSzJpejRqNkxrd2hpMWE1LXNfSmI1VmdieTNPcUEzM3U5RGFtNklTNEgtNU9kbGtDRVppY3VwNkI4ZkdpMTN6T3Y2andCcFg5QXZ1a0tVYlR5MWt0MnVKOXpySGpsSFM3TmdzZ29LbXBoazNDSjdNRmR4aHZNN1U3QXBTRjBkRlJYN0dwYUZRZGF4WU9LTDNWZU9VbElXNA?oc=5
f592d4c82cd72ff28ae08fba3955ab78,2026-08-03 09:13:04,2026,Yuri Almeida,Google News RSS,news.google.com,Instinto Primário retorna às lides do rock angolano com “Wi si paiou… Algures em Angola” - Bantumen,https://news.google.com/rss/articles/CBMiZkFVX3lxTFBiM1JsOUxrUXltSFJPTkRBSzJXeWtSMW05blB6OU9hRlI3S1gyaUFFc0JlSHA1bmFUOE5hWGt6QjVzQ01FcTFsaTRvWGpwS2ZIOW95ZmNGSlBfbHJNNmVkQTBUN2hhUQ?oc=5
05a56474cfb372c101f73a1e973ec7e1,2026-08-03 09:13:04,2026,Yuri Almeida,Google News RSS,news.google.com,Ex-participante Yuri é o novo integrante do BBB13 - G1,https://news.google.com/rss/articles/CBMiogFBVV95cUxOSGVrU1NIQ0V6eUxaUEc1TXczQjVFMXF4X1BGYVU1YnZEdWJSQTNFanFpUERkdTE3WS1fOHVjcS1HaTc4c0g5THk0WmsySDNfUEpFXzdJaWxwNlRkU2pXT3I2NFR3aGljOE9RWk5CY0V6QzEtbDZKdG0tRWlwUzdKdXVUUDM0clRHLWtRV21zVk1WY2VzU1ZoOTQxSzhTQjNQLXc?oc=5
bc2321360e53303f4ae5593a3de19374,2026-08-03 09:13:04,2026,Yuri Almeida,Google News RSS,news.google.com,Brasil e Argentina farão o primeiro clássico entre seleções de anões - Verminosos por Futebol,https://news.google.com/rss/articles/CBMirgFBVV95cUxNaWlsb2Z2TjQtVU1YWDY4WFF6X09XN2ZYdUkwY29SQW0tNUo3NFRLUkZJd3dMSnNsd3FJN0RNd0F6V3pmM3M2ZTNWX1NTekVyNEd4Z0lsSTVxWXJ2a0N2NXAwcnltamtTRTZRN2dWUGNRYjFuR1M1LVRqOHlienJ0QVo2djJXRE1yVmhqdkdhQmtqbHotR3l2V0xEekFjVVRPWUp2T2tCZ1lDYWRvYWc?oc=5
58f921b590b4f944999d084de5d268e1,2026-08-03 09:13:04,2026,Yuri Almeida,Google News RSS,news.google.com,Yuri Mamute - Transfermarkt,https://news.google.com/rss/articles/CBMib0FVX3lxTE12ZTEwb1F5dDhiWGpTaDRlR0hBQVJWd0lCdThHakdOLWtoUlR2WmdfMS14NWM0NTh2N1RHbEZFdUdPYjh5UmZnY25QVEpZdGY1elNXMGZrLTdUdjFaSHNocEt4SHk4T0pYMlhFNUpZaw?oc=5
3997924a18210346a7c0f2c9b8b22c2e,2026-08-03 09:13:04,2026,Yuri Almeida,Google News RSS,news.google.com,"De quase R$ 17 milhões, primeiro contrato de Léo Coutinho foi com a própria família - atual7.com",https://news.google.com/rss/articles/CBMisgFBVV95cUxNdVE3Z1NWZDlmOW95TTg5dUtyaFF2RGQ2cmJoUTdfd21IQnZxN3c0YjVVbE9YakJmSUlidVBlODlfaFVRd2tqR1hLUElSa0x0dVNyTnFBSGZ3Z1FtV3RsTUlWVHU4NlBzT1dXdWJXWW44SGxIal8wNWNjNVlLamlhTGprTkdlZFhWdU1UX2YweG9yQTV3SkN4MDNBb0loRFJHOVM3MnozVTVvY0I3TzV0N3FR?oc=5
4ab42f409c27983d3ca89497c0bfba8d,2026-08-03 09:13:04,2026,Yuri Almeida,Google News RSS,news.google.com,Jornalista atribui a Esmênia desgaste eleitoral de Braide em São Luís - Gilberto Léda,https://news.google.com/rss/articles/CBMirgFBVV95cUxPZmpkNnNhdjVUeXJxY0w2T2FITDZRNFpfOGN4WjgtNV9wNEI4ZFFwUFFJX256RDhzWHFxZXphcHVjOE5IZ3RpeDJXcVFZU2VWU0RYSjMycDJxc2ZvZldGQ3RPZFF6ZDZlVExxb0hwSkdCNkVfN0NTdjBQY1J2OGhoYVFJdllYRllRSGFzdjVMSFE0eXBMdEpxVldWM01HbWdHNkZreXJ6QzZMNGtaRHc?oc=5
acb10a8017849006ebe3a6f6ce43dcc3,2026-08-03 09:13:04,2026,Yuri Almeida,Google News RSS,news.google.com,"Vítima de assassinato nesta 6ª em ST é natural do Ceará, diz Polícia Civil - Farol de Notícias",https://news.google.com/rss/articles/CBMitwFBVV95cUxOZ3hpN2t2TDRMYkh2YVA0RVRzM04yZnJSQmNJYnpMd1BSZTRDWVFYYlRGNDVYMFcxU1dwUnNzS1M4dmlTYjlwemVQNU9NNXhVYVJaMFFkVUdXNV9yLVlFUVd4VklNdFZHVmFwU2FVWjlfRWlHdmpZY2ZkcVRRbmtHcDdSQXdBRHZLOTBONS1zNy1BQ2p6bTZTMGxfMTBseWU3Q25yOXJoVldSR0tPV1FPLUxGaDBPNGvSAbcBQVVfeXFMTmd4aTdrdkw0TGJIdmFQNEVUczNOMmZyUkJjSWJ6THdQUmU0Q1lRWGJURjQ1WDBXMVNXcFJzc0tTOHZpU2I5cHplUDVPTTV4VWFSWjBRZFVHVzVfci1ZRVFXeFZJTXRWR1ZhcFNhVVo5X0VpR3ZqWWNmZHFUUW5rR3A3UkF3QUR2SzkwTjUtczctQUNqem02UzBsXzEwbHllN0NucjlyaFZXUkdLT1dRTy1MRmgwTzRr?oc=5
c3581523350affd135bf45a908a3c6a6,2026-08-03 09:13:04,2026,Yuri Almeida,Google News RSS,news.google.com,Saiba quem são os deputados federais da Bahia com melhor engajamento nas redes sociais - Bnews,https://news.google.com/rss/articles/CBMizwFBVV95cUxQcm5sZHNRRUZvaFBLVUNyTnpId0dyTm5hd19TM05GbG9lUE5mc1RYcU1RWUM3N2YxQTUwNGRHZV9jVkVtSHlUQUN6NGFhQlpXblRNVEhSU3oxSXFkeGNIZVJnZG5yaVNlaFJCdE5FZzlaQnlsdEtpWTlYQ1poMERMSmRLdlU4VE1xZ0FadHh5eEYxemFnNEZiUGdPV0hwd2NZMEJjUXAwdkRZaFpub1J6NldLbUJYTklpYXEwZm15ZC03T2dNT1o4NF9WNjJEZVXSAdQBQVVfeXFMUFAtMEgtZVQ5V0QzLXUydzZGcWFIUHpGUlk2VlhGMFhSYy1vUF9kZlByTDNsWmpETnhOSUQ4aVU0NDZBRWdKUXd6ektJTnJsOEIyWTI5NUVlSFpLNTd1LTZuVWtyMmlkVFIyalBfVjB2eTFRLVA3Rnd0UHdNUFVPdjlPYzdwY2otRlp2eDRKQ1liclNuOUNtQmVBTmRVTGh3WDZCS0FhYjBsTHd2UmI0bmx2RmhVaFNhMnVrMTRYTTlUZnBtRzM5YV85RHhZY2ZlZ2NpeVc?oc=5
facfdc50d885000d4cba2c538c7262b2,2026-08-03 09:13:04,2026,Yuri Almeida,Google News RSS,news.google.com,"Mesmo com Zé Cocá, o PT sempre venceu em Jequié e no Vale do Jiquiriçá - Bahia Pra Você",https://news.google.com/rss/articles/CBMinwFBVV95cUxOWUpES2RkSWJCQjRDMUQtcEc2T0tKeHU2UmRaQXJnMUtnSEV4QndDZnFPWnJlU05oaG1MQlRvWWVZWElkWXZQSGh5UGRZeU84cU8zUE95cnFDYnhkQUVCUzRMMm5hVjlxWUJQNjQ3ZUhJN3I2MXhpMzQ3WXRYTzBEOUpCcms1a0Y1c2h3RlBFOVYwb3JIMkp4WGFzdjNwdXfSAZ8BQVVfeXFMTllKREtkZEliQkI0QzFELXBHNk9LSnh1NlJkWkFyZzFLZ0hFeEJ3Q2ZxT1pyZVNOaGhtTEJUb1llWVhJZFl2UEhoeVBkWXlPOHFPM1BPeXJxQ2J4ZEFFQlM0TDJuYVY5cVlCUDY0N2VISTdyNjF4aTM0N1l0WE8wRDlKQnJrNWtGNXNod0ZQRTlWMG9ySDJKeFhhc3YzcHV3?oc=5
22043781248d7c549e04712f2a04a81c,2026-08-03 09:13:04,2026,Yuri Almeida,Google News RSS,news.google.com,Yuri Mamute :: 2026 - Central - Informações e Estatísticas do Jogador - ogol.com.br,https://news.google.com/rss/articles/CBMiX0FVX3lxTE90TEs2OGNObXBDdnBZZ3BwenpQeEtGUDJ3dHBhdXJvanE0OVJsbHJ6cEo0QmV0TF9kdk5LNDNnbnRxbkhRbG8xeTdOdVFiNFJOc3ZnNVVDOFhpVUF4d3VF?oc=5
a394db147a2a097c69029f6a414c7732,2026-08-03 09:13:04,2026,Yuri Almeida,Google News RSS,news.google.com,Stéfano Yuri - ogol.com.br,https://news.google.com/rss/articles/CBMiYEFVX3lxTE9aZ2hUOE0ySUlNRVVCNTBXU0taelgzWHMtZC1lTEdhc01qQU51MW9VcmNOb1hOOUU4RVA0ejB2VDRnZXlFMGJvbWIxa0FHOVFzc1ZnZ0k3OEhQdjhVMF9wRw?oc=5
28ab4d865bb070f4215ea7f7fc8114d7,2026-08-03 09:13:04,2026,Yuri Almeida,Google News RSS,news.google.com,Yuri Ferraz :: 2026 - Noroeste - Informações e Estatísticas do Jogador - ogol.com.br,https://news.google.com/rss/articles/CBMiX0FVX3lxTE40WGxxdHFreXQyZnNucmxJV21WTmZWYTBLTGxtLVJPUy1CYkhlamVudFZMbUYyOHZJMHZVZFZuSHJwOUxrNlpCZV9fRGc5SzN5UUpoVGVwb19Vd0d6LWZZ?oc=5
fd8c1ae2d99d5311ca990db428549370,2026-08-03 09:13:04,2026,Yuri Almeida,Google News RSS,news.google.com,"Morre aos 65 anos, o jornalista Luís Cardoso - Diego Emir",https://news.google.com/rss/articles/CBMif0FVX3lxTFBNSUpmaW5vYkNvQ2pUVFFva21SRTYzdGZpc3Y1UUR0Vkw1ZG13NUl1Vy1qSmRxTjNvbnZXd3V4NVlyWXVHTl9FQzhsOHVCSllNVklmdzdWeDhRVEhjeHZIZFdBVGpfSXc3dC1IMW82TG1mQUlyY2ZrVG9BdzBPZ00?oc=5
55fd0da30e694eb2840adb018212b27b,2026-08-03 09:13:04,2026,Yuri Almeida,Google News RSS,news.google.com,Atiradores do Tiro de Guerra são homenageados pelos vereadores de Linhares - Eu vi em Linhares,https://news.google.com/rss/articles/CBMiugFBVV95cUxQbFNpYjlySl9MaHhGdGp2Q3pySjk5Umw3OEprM1d2THc3OFpTQWlxek1ZU1VraUNjeWdhZkc4SnBmd1lwSnVmUjNsY3BUSjlWb3N6akJHODdkdXpubURDOV9GQ2ZyR21VUXBSYkR1SFVlYXhkV1lMZm5TcUgxazFpbDV3Vm1BUm10QUx2N29UMWxSYWlRNk9lMloyRncwVXByTGZMQ2RTTXQ3SmFObEoxamdJTXd4dHc3N3c?oc=5
c5148ad8c9570033050d7590cd797839,2026-08-03 09:13:04,2026,Yuri Almeida,Google News RSS,news.google.com,Fábio Macedo é denunciado pelo MP em investigação por suposto estupro de vulnerável - Marrapá,https://news.google.com/rss/articles/CBMipwFBVV95cUxOTEhoODJPYW4zRzNBdmZsY2dmUUh3bl9ESy1IbnpqQlZLYXFIUDJ4TC1tVWd3aEprUHN4eEY5THFROU9MYXpVbHpzZ3NxYVR3VTItRWJ6VkhpTDJlSG44QUlncHVuN1I3YXZJVTIyejFBU3pKekRqT3ZiU3ZXMDNRQjlTalptTlVId2NyTGtILTlWVTF6X2lPNzJFSHVzMG9WLXhMaHN5OA?oc=5
57e22fccac344baaf5e15e4df1e41c79,2026-08-03 09:13:04,2026,Yuri Almeida,Google News RSS,news.google.com,IML confirma que ossada encontrada é de marceneiro desaparecido desde outubro de 2023 - afnoticias.com.br,https://news.google.com/rss/articles/CBMizwFBVV95cUxPb3NMV1ZPcWF5S2xNU0RKN0FXVWs4VHJHZlFBX1NwMEVPdnNDalhHbUgwNVY2OXhWbWU4Mm5BQkJqUy1zczRLQlFoUFlLOFpibEh5aEEyRUZGNGN0NVVrb05qTGI1OGRXd2FzMTFLYlZUNGhpZGJ4S0Y1UUp5LWV0QmNfWjJqTjJIa0UyZWh5bTAxT3Vfb3BDVFJPaWlYRnQzTldlMHkzdW5SbWpoSEpLRTZuY014ejJkLVRDbnJOWXhQckZaNlU1bzhQNFFpQ28?oc=5
f4b38790348dfd90a9775526c0045b2d,2026-08-03 09:13:04,2026,Yuri Almeida,Google News RSS,news.google.com,Dr. Orlando é alvo de ação de improbidade e estaria se ocultando da Justiça - Marrapá,https://news.google.com/rss/articles/CBMimwFBVV95cUxNM0J5bzBpWkZaUnRsVkdaRlhEZk9qYkxJQzZpNWtpcnZpRUdhcHIxZFg1eXNqdGpQTUJMUDlFLW9HZGFfci0zWEpvSWhTR3M5aEY1c1RJT3lUdWJ0dC1JbVAyNExONUhkbWJGNHBHdE1nczRlVEFCMFhQWnNEN0dYWDFWc3lqanJLR1hJbmdka0d5bHhCY2RvTi1ZWQ?oc=5
5f652e33d804033fbf6823f718f73898,06/05/2026 19:46,2026,Yuri Almeida,Google,eduplay.rnp.br,Menção identificada na busca web,https://eduplay.rnp.br/app/canal/299242
92dd28f2f1333fff7fbb134b2a9fa6d7,06/05/2026 19:46,2026,Yuri Almeida,Google,observatoriolatinoamericano.com,Menção identificada na busca web,https://observatoriolatinoamericano.com/author/yuri-de-oliveira-luna-e-almeida/
21a72ff79e9c688c51f15fa070242475,06/05/2026 19:46,2026,Yuri Almeida,Google,portaltransparenciabrasil.com,Menção identificada na busca web,https://portaltransparenciabrasil.com/viagem/yuri-de-oliveira-luna-e-almeida-0000000000021252771-1
0230c7259690948114ef39d5d04d83b0,06/05/2026 19:46,2026,Yuri Almeida,Google,ifbaiano.edu.br,Menção identificada na busca web,https://www.ifbaiano.edu.br/unidades/lapa/ngti/
69af9b318dd0c42147da2b60b36b8783,06/05/2026 19:46,2026,Yuri Almeida,Google,researchgate.net,Menção identificada na busca web,https://www.researchgate.net/publication/376467786_O_uso_das_tecnologias_da_informacao_e_comunicacao_na_organizacao_do_trabalho_pedagogico_em_uma_escola_de_ensino_fundamental_Pos-Pandemia_COVID-19
313810fd7ef31f98200b3bc998b1079e,06/05/2026 19:46,2026,Yuri Almeida,Google,ojs.observatoriolatinoamericano.com,Menção identificada na busca web,https://ojs.observatoriolatinoamericano.com/ojs/index.php/olel/article/view/2082
a53382c939406087fc08e0716aad36bb,06/05/2026 19:46,2026,Yuri Almeida,Google,anais2.uesb.br,Menção identificada na busca web,https://anais2.uesb.br/index.php/semgepraxis/article/view/2010
39525486c5ba857fbab75152fbc0c2d6,06/05/2026 19:46,2026,Yuri Almeida,Google,cefor.ifes.edu.br,Menção identificada na busca web,https://cefor.ifes.edu.br/images/stories/Classifica%C3%A7%C3%A3o_preliminar_TCF_05.2026.pdf
7f8f916a0be2420404d82199f00a886e,06/05/2026 19:46,2026,Yuri Almeida,Google,portal.ifsuldeminas.edu.br,Menção identificada na busca web,https://portal.ifsuldeminas.edu.br/attachments/article/6490/Edital%20208%20de%202024%20-%20RESULTADO%20FINAL.pdf
1c40473160bc90d71754a7c85c100692,06/05/2026 19:46,2026,Yuri Almeida,Google,editorametrics.com.br,Menção identificada na busca web,https://editorametrics.com.br/livro/coordenacao-pedagogica-e-processos-formativos
4479d562bc9e55eed0d925a002c15cfe,06/05/2026 19:53,2026,Yuri Almeida,Google,concurso.ifbaiano.edu.br,Menção identificada na busca web,https://concurso.ifbaiano.edu.br/portal/eleicao-cis-pcctae-2025/wp-content/uploads/sites/1150/2025/03/resultado.final_.pdf
17c71bd33471c43b8f4ef1df2f435295,06/05/2026 19:53,2026,Yuri Almeida,Google,portal.ifsuldeminas.edu.br,Menção identificada na busca web,https://portal.ifsuldeminas.edu.br/attachments/article/6490/Edital%20208%20de%202024%20-%20RESULTADO%20PRELIMINAR%20DA%20AN%C3%81LISE%20DE%20PONTUA%C3%87%C3%83O%20(2).pdf
3d7297c478345900150e21a138c468c2,06/05/2026 19:53,2026,Yuri Almeida,Google,poscom.ufba.br,Menção identificada na busca web,http://poscom.ufba.br/wp-content/uploads/2025/09/Inscricoes-homologadas-Mestrado-Selecao-Regular-2026.docx.pdf
3c92e9ab812a9697f326d7ceb349ddb1,07/05/2026 11:06,2026,Yuri Almeida,Google,ifbaiano.edu.br,Menção identificada na busca web,https://ifbaiano.edu.br/portal/comissoes/comissao-interna-de-supervisao/
1600f4997eee0822e76c6569d6398614,16/05/2026 10:10,2026,Yuri Almeida,Google,ifbaiano.edu.br,Menção identificada na busca web,https://www.ifbaiano.edu.br/unidades/lapa/files/2024/02/PORTARIA-73_2023.pdf
23ad7890589e1df453b63362adee7ecb,19/05/2026 11:58,2026,Yuri Almeida,Google,ifbaiano.edu.br,Menção identificada na busca web,https://ifbaiano.edu.br/portal/engenharia-agronomica-lapa/wp-content/uploads/sites/21/2017/03/8-Normas-de-Biosseguranca-dos-Laboratorios-Didaticos.pdf
45f4f3458d323a933c93399e2da78d96,19/05/2026 11:58,2026,Yuri Almeida,Google,concurso.ifbaiano.edu.br,Menção identificada na busca web,https://concurso.ifbaiano.edu.br/portal/pronatec-simplificado-20152/wp-content/uploads/sites/29/2015/12/Resultado.pdf
3470fdb53b656aae8864e7e3fca71970,20/05/2026 11:46,2026,Yuri Almeida,Google,orcid.org,Menção identificada na busca web,https://orcid.org/0000-0001-7646-3202
2fd8c7cc23da129307ebbc7adf464e25,22/05/2026 11:42,2026,Yuri Almeida,Google,groups.google.com,Menção identificada na busca web,https://groups.google.com/g/pedagogia-uneb-20172/c/hd37cnBjXzg
24a2cf05252856c0b7dd85ce26ca8f18,24/05/2026 10:27,2026,Yuri Almeida,Google,anais2.uesb.br,Menção identificada na busca web,https://anais2.uesb.br/index.php/semgepraxis/citationstylelanguage/get/ieee?submissionId=2010&publicationId=2010
df2c422931a2957eae6af526e6cb59f1,25/05/2026 12:24,2026,Yuri Almeida,Google,researchgate.net,Menção identificada na busca web,https://www.researchgate.net/publication/360558524_MAES_FORMADAS_EM_DIREITO_NO_ESTADO_DO_RIO_DE_JANEIRO_UM_ESTUDO_SOBRE_O_IMPACTO_DA_PANDEMIA_DE_COVID-19_E_DO_USO_DAS_TECNOLOGIAS_DE_COMUNICACAO_E_INFORMACAO_NAS_ROTINAS_PROFISSIONAL_E_FAMILIAR_DAS_MULH
c5edbce5f6dd0cd8ef176d2054c310c4,27/05/2026 12:16,2026,Yuri Almeida,Google,researchgate.net,Menção identificada na busca web,https://www.researchgate.net/profile/Isaura-Francisco-De-Oliveira
87eb22ab02d9613da2362e7886dad418,27/05/2026 12:16,2026,Yuri Almeida,Google,groups.google.com,Menção identificada na busca web,https://groups.google.com/g/pedagogia-uneb-20172/c/KxQEsegU7KM
667477582409bd629766414d66759a61,27/05/2026 12:16,2026,Yuri Almeida,Google,eduplay.rnp.br,Menção identificada na busca web,https://eduplay.rnp.br/app/video/405211
3d88dcec4a6dba5d481148f42ca86e69,30/05/2026 10:45,2026,Yuri Almeida,Google,researchgate.net,Menção identificada na busca web,https://www.researchgate.net/publication/402633163_TECNOLOGIAS_DA_INFORMACAO_E_COMUNICACAO_NO_ENSINO_DE_POS-GRADUACAO_EM_ENFERMAGEM_NA_PANDEMIA_DE_COVID-19
819629496544acf0aa58cdac8335e606,31/05/2026 10:53,2026,Yuri Almeida,Google,escavador.com,Menção identificada na busca web,https://www.escavador.com/diarios/6193456/DOU/secao-2/2026-01-09?page=13
57e154f2480a4db5d9ffef94ec3963cb,03/06/2026 13:12,2026,Yuri Almeida,Google,anais2.uesb.br,Menção identificada na busca web,https://anais2.uesb.br/index.php/semgepraxis/citationstylelanguage/get/vancouver?submissionId=2010&publicationId=2010
b19ba8d4b0f2e236f2caf4eb48dbaf07,03/06/2026 13:12,2026,Yuri Almeida,Google,eduplay.rnp.br,Menção identificada na busca web,https://eduplay.rnp.br/app/video/412722
96ac25a5e2baa14844a10f7bfd343655,07/06/2026 11:05,2026,Yuri Almeida,Google,groups.google.com,Menção identificada na busca web,https://groups.google.com/g/pedagogia-uneb-20172/c/cqkb6KmMpA0
092f63c3e74e8acee10e36985942b3d8,15/06/2026 15:10,2026,Yuri Almeida,Google,anais2.uesb.br,Menção identificada na busca web,https://anais2.uesb.br/index.php/semgepraxis/article/download/2010/1577
dcceb2ec492a4c3091cc6906c07dd253,19/06/2026 12:42,2026,Yuri Almeida,Google,poscom.ufba.br,Menção identificada na busca web,http://poscom.ufba.br/wp-content/uploads/2025/09/Inscricoes-recebidas-Mestrado-Selecao-Regular-2026.docx-1.pdf
12fa6a214a5c5d4c88ecbe1a2e84a745,21/06/2026 11:42,2026,Yuri Almeida,Google,iffarroupilha.edu.br,Menção identificada na busca web,https://www.iffarroupilha.edu.br/component/k2/attachments/download/37273/ded369d9fee8ded02ea339cd4bdd2126
31d5fa2e71c7f53c6fc4a56999ff4872,21/06/2026 11:42,2026,Yuri Almeida,Google,jusbrasil.com.br,Menção identificada na busca web,https://www.jusbrasil.com.br/diarios/71391259/dou-secao-2-05-06-2014-pg-19
64a212ff6029434902077627bd106480,29/07/2026 18:11,2026,Yuri Almeida,DOU,in.gov.br,"PORTARIA DE PESSOAL Nº 42, DE 20 DE JANEIRO DE 2026 (21/01/2026)",https://www.in.gov.br/web/dou/-/portaria-de-pessoal-n-42-de-20-de-janeiro-de-2026-682322631
db427d51c6b5a66b87c561bfea2bedf4,29/07/2026 18:11,2026,Yuri Almeida,DOU,in.gov.br,PORTARIA DE PESSOAL DE 8 DE JANEIRO DE 2026 (09/01/2026),https://www.in.gov.br/web/dou/-/portaria-de-pessoal-de-8-de-janeiro-de-2026-680155095
03153d09a31b5acfe6fcc567f11da656,29/07/2026 18:11,2026,Yuri Almeida,DOU,in.gov.br,"PORTARIA DE PESSOAL Nº 234, DE 25 DE FEVEREIRO DE 2025 (26/02/2025)",https://www.in.gov.br/web/dou/-/portaria-de-pessoal-n-234-de-25-de-fevereiro-de-2025-614890203
14077363ba900f6e6ef8a6bc8c2323af,29/07/2026 18:11,2026,Yuri Almeida,DOU,in.gov.br,"ATA Nº 7, DE 16 DE MARÇO DE 2021 (23/03/2021)",https://www.in.gov.br/web/dou/-/ata-n-7-de-16-de-marco-de-2021-310008162
6b3b9816a127c0dd596ce667896325ae,2026-08-04 11:31:33,2026,Yuri Almeida,Google News RSS,news.google.com,Jornalista diz que aliados de Braide empurram imprensa para impedir coletiva - iMaranhense,https://news.google.com/rss/articles/CBMiugFBVV95cUxOajA0X2EwdmVNN3lqWVRYRm5QUnI2OVhOVXczU1F2TzZFUGVtaTc3RTFfSDlwd1VJeml1Yngwb2dfWlpHR0NyS3d6UFNZZzBELU9mVEhiQWl0eGtRYXBxU3FiUmhYV3FYNHU5WWZFRUVweXFic25BU3BYbkY3V0VENEkybkN2SEVydy1Jak1JVFNDX3lLcThDWWZMUXZLaUpDNmJ5X1E4eHRCbmxxalhrMWRuMU05cW1WVXc?oc=5
01a7d85f34fae427a6c95413fba9e620,2026-08-04 11:31:33,2026,Yuri Almeida,Google News RSS,news.google.com,Memes ganham espaço no marketing político - Valor Econômico,https://news.google.com/rss/articles/CBMirgFBVV95cUxQVC16UklMTWVONVJKUmdaNzdISEpSSmFMWk9leHQxUG1SeUcxQVZNYTdsRmlWUi1DN180VGR0ZlhQdjBmQ0t3REhXaVc1RDhTTjNWTFdwV3BMQzZsVHk4RzNiNXBreFhNR2FUaUxiWG1BVHlvQ2Z2QkFmdGlkZXBrLXRyRFlIendxZ3h3Q0FCWTVPRk9MZ0gzR3QwNEJKN3RabWNlNklDZ3ZUVlIya3fSAbwBQVVfeXFMUC05R1JPWkNINHExSGljaVB0OGNvVzhYOTdQcTNHQ0lVYy1YZXlENEgzdVJ0LWlrcGhESXpGQ25rb0JabHdQelNtcG10V21fZkRjTXV0M3FiYVZuWC1XNDB2SXBEVlQyYkpkWHF0NHViWndEbU9kVVl4Z1ZPdUI0cW1UWnFuVXhIRFNhTkJLaFhlSV91VGNXeDZtSEtoWkgzbUhxcURKbmNMWjNoUG5qelgwaVhhZUtXMVlPMlo?oc=5
0838a03f21609abc83ce7806330a4f27,2026-08-04 11:31:33,2026,Yuri Almeida,Google News RSS,news.google.com,Juniores: Vasco renova com lateral Yuri Almeida e o empresta ao Serra Macaense - NETVASCO,https://news.google.com/rss/articles/CBMitAFBVV95cUxPb3RUMFJXZTJnVnhoLUpSMzlGZUVxeHlheUUtUDc3ZW9GaTJKVFhWYnZzSVREcFpWd0I3bXFxM3l0bDlYRmFrMXhBcE5ZZFFEZWJsWE92RGVFdVlqcEdFRUlwTGsxdDFOcWhyU09ha1l6ZFprMkxuWnVMb0JDbUZndEFGM3lWNHRJYkxiejUybXJ1OUQ2XzlZbWNtZ3Y4LWM4cFl3Zy1Rc2NHajZrYmxka0tjU2U?oc=5
c0ba978bd86b29bbdc500758984b21e9,2026-08-04 11:31:33,2026,Yuri Almeida,Google News RSS,news.google.com,Réu condenado a 20 anos por assassinato em Campo Grande - campograndenews.com.br,https://news.google.com/rss/articles/CBMitAFBVV95cUxORkstNzZGRUtOZ2ZIX2JPTDJmX1VEaWoxUU5hVEZNY09SUmxYZEFBY1BnTF9OV09TWno2NTVGQV9hQ0p6Q1J5UHE2RGJlUjM0NlYxZGhxLXF0dE5BbmQ4WjBLTXRxWUlDLWlkSEt5OC1uNElfeDdOMFQ2SFEyYmZueFNkaVNDa0JMdjNrR25RUklZTTlZcldJZDJZeWIxVFNSYm1yNGMtRnZpZGt2RDFJNFltcm7SAbQBQVVfeXFMTUhZWXgxS3RBYndkMDBXeVNET1hwdjBDTkdFMm1SOFMzUkh5Mkw5U0tvTEUzaTZWb0lnZ0htNDRKODRwT2poNnJRQU9rQUc2WGQ5blU0aGRXVkVmU2kzTGphcVJkcXZCVlNxMUY0cVBrdkJNeTJUN1lid2hqVWJ6ZnlrRzJqME8yT3ZtSFo3WS1YbUQ5ZF9lWkJSV3N5WXVzYy1SQTlBOUtKOFBuVmdtNXZJWFNn?oc=5
b8d847885ec0231d627a101e7384f884,2026-08-04 11:31:33,2026,Yuri Almeida,Google News RSS,news.google.com,"Diferente de outros anos, ruas de Grão Mogol ficam vazias no carnaval - notícias em Grande Minas - G1",https://news.google.com/rss/articles/CBMixAFBVV95cUxObENHb2tKZVZkcEpDaV9PUG5QMTV5dlFiaUlEcE9jeF9Ua0ZuTTAyN2hnM1JRcnVwNXJ0alNUQ3VsSHFnU0tNbFFDdHk5LVI5WVluMjJyV0VncVdyb21Za2RFQVFrM093cjl6bHpiTU8zbXZwVmw1MFpaeGQ2TG5EelJkQl9Sa3FkWG9kYWlyVllnb1puR3QweHk4VDdURXB6dUVPbDM4NHZYMUlwckp1RF9SYmJvbUJZUWE4Qnl2RWRGSFFW?oc=5
733670ff37536b7baafcd9cdf9dab637,2026-08-04 11:31:33,2026,Yuri Almeida,Google News RSS,news.google.com,Maratona de programação ACIN Hackathon “caça” talentos na Madeira - RTP Madeira,https://news.google.com/rss/articles/CBMimwFBVV95cUxOZXJ5bEdXTkNxeW42bUVrX09LRjdhc25QeXpMcVdFWWlFNXNLeE9vWV94bzdYSkM0RkRHSU41cnQ2UC1SdUdqU1FjNFBuZFVfclA3U01Bai0xTFA2Q1MzdGs5ekE4YlVwZU4xaFRmMnpsQ1FkWE9oczNvdktmQ1ZFMF9DVGoyMHFSWjJMQmY0WjkzaWlZWUpHeFlWMA?oc=5
b8ed00259158e28511d97b39bb14b6bf,2026-08-05 11:26:57,2026,Yuri Almeida,Google News RSS,news.google.com,Yuri Almeida - ogol.com.br,https://news.google.com/rss/articles/CBMiekFVX3lxTFBzUzc4d2dFVkhtMERac1VFbEZBWUg2NGRUR3ZMUWFYTE5nRlpmUm5sSjRkUXFtdm1WV1JlNzBVX2ExNmpvTy01bldCRWpKeW1UNEdvaWNXZTMyTHA0OGJSNE1KOExQWlM4dE93dlkxTnlFeFNRVEdCQmxB?oc=5
8137162ef19c415c9b51a9ad42bd5086,2026-08-06 11:30:34,2026,Yuri Almeida,Google News RSS,news.google.com,Equipe do Uemanet desenvolve disciplina EaD de Libras acessível para estudantes com deficiência visual - UEMA - Universidade Estadual do Maranhão,https://news.google.com/rss/articles/CBMiywFBVV95cUxNdU84UF9fdXFudUM0eDd5b3ZEd3AtUkxMaG5MWnE0R3RGNUpoMEJPOWVUbE0wZXhkVlg0NTh1clRmeFdITGp2UzJkcjZoR0d1d2phZU40ZnJSRzRNQURDYXMwRm5TMl9rTzFxMnNWQzFlMmttZUdMTmVXMUptRGY0UnpSZmRhSGI0VXBtNlpkWDJ3TFk2Njlrc3ZBUkg3aTk1MlNzdmUyVW1lQ2QtY1RKU043RkYxa0FlVC1xSU9BVnYzQWdzX2NPLXUwUQ?oc=5
86ca1964444076fdf503fa0b734316e7,2026-08-07 10:08:09,2026,Yuri Almeida,Google News RSS,news.google.com,Luna-25 falhou a missão: nave russa despenhou-se na superfície da Lua - CNN Portugal,https://news.google.com/rss/articles/CBMi3AFBVV95cUxQdjZlSExxbHJlaGltZzdBZ3FEdDk3dTNYUWpzdlA5UkFXdm5JY29YNndnaFVZMTF1R0hCRWlWbEUwZ3hXd0tEQ3c3TFNlWWt5WnpPaENyVEVRNVYtTjlzR203Tk1CVGotdnFPcnpXWTBWQTlrdXI0OVNvQndjazFEWDBsc2FXRnNWSWV1UFFrNGlPaFBFalVaNGUtVnFrTkxaLWFiZ1JyMGJnQ3lYTGtUNlE1cDRPVEJVc1BaTmEzQkI3ODBDd0JzcW8tNzhWbTdwZ2NZLUdjeVdLTmZ6?oc=5
5586662ff0f05c7d2ce373b7be3683cf,2026-08-07 10:08:09,2026,Yuri Almeida,Google News RSS,news.google.com,Jornalista diz que aliados de Braide empurram imprensa para impedir coletiva - iMaranhense,https://news.google.com/rss/articles/CBMitAFBVV95cUxNeHJFUU0zalo0ZC1sWllJMmpCUkdZMXJTMGViRW1EQ1d0cDdRR0hPcEJzVVhvUWEzYnFUOGkxX0VKbUd6UXUzVjNZMlBJSXlxTm53TmxBOERJeUtJdGdFYzRHSGNfbWlDc2M2d2JHNVd4V21HdUxuOFkxekRWanc1UzcxZzVPeGZSYzM3b0RZd19FZ1dLZHpxLVRvSlMwS2ZSam0wTTEzT2NfLWlnSGtCR3NiMWE?oc=5
9e189fc0cca30aeacbe017e5b5e04fae,2026-08-07 10:08:09,2026,Yuri Almeida,Google News RSS,news.google.com,Chapa única para nova diretoria da ABI terá primeira mulher na presidência e participação de membros do Sinjorba - SinjorBA,https://news.google.com/rss/articles/CBMi0wFBVV95cUxNSHJkVTNkY2F1X1BlRm14ZWhQY202WVJqQWFIZDEtLWFBQXhOYjZ1WkoySEhVVHA1LURrMXNWLVNkZk0xWGw3T2Zzelc5QjNUVi1zdnktWERDcjRrN0RPYllrbmYxRGZTMkxZUXlVdWYwMmJSc2xYcFZVT3lUNW05YTRZc0JSYUk3Y2ZhbkxPRDUxNVFuSVlYU2pUbXJlR2lvb3gxM3lSQklNb3k5MkFDNXNLVkJuTEJCekpDWTJ3TmllbVRSLVRjN2R5T3AzN0FvcVY0?oc=5
b79b08668bb9dbd54e1288c4b94ac5b5,2026-08-07 10:08:09,2026,Yuri Almeida,Google News RSS,news.google.com,MN Empreendimentos pode ter desviado mais de R$ 4 milhões em Loreto - Atual7,https://news.google.com/rss/articles/CBMingFBVV95cUxObTJKODllOW85em9QdUVYSGtQNEFaT2lxV3ZjU2ZTWExrZmdWekhuekNoQngwQ1J5SFpVeWJYTE5hcWFPX2U1aWduYUlLTmpWMVBGOGV6Mjg3bFZ4czR3Y1N2SVdzdGdjaGtHZUdQZ002WF9DWVU0S3ZRek56RGZ3NzBxYzRRT2RnSEFST1kzdTk5M01SZ2o5Y2s5anlhQQ?oc=5
676f70fe9a6e17fb5d84a9fad7a0f574,2026-08-08 09:50:01,2026,Yuri Almeida,Google News RSS,news.google.com,JOSÉ MATHEUS MACEDO DE LIRA LUNA vs YURI GABRIEL RODRIGUES 2024 World Jiu-Jitsu IBJJF Championship - FloGrappling,https://news.google.com/rss/articles/CBMi2gFBVV95cUxOWnZuZDc2dUV4RjFkLTV3QmVZdUVLcGpoc0UtWTd1cWlUWGoxcncyeXMxbzYzMlZ2NHNNcE9VZUwya0JHVURYaGQxanZSQlluRzJDT1Q1RkxEak05b0I4OEtoeEJyVU1HUnhfLXRMNER1NWlpclVwYktBT2pOZUZQZTlCZk9RS0tOWVM2c3Rnc1dpeUVTc2VlV3h5XzVSWFpYQW9rZzNUMTBwd3lxc0VfWHI5ODVxZ1A5dGtQY1NCNXcySFBMdnFtX25MQ1ZROGt2alJwTlY3N1NGUQ?oc=5
70c91528552131880e9789c62efcef81,2026-08-08 09:50:01,2026,Yuri Almeida,Google News RSS,news.google.com,Candidato Yuri Do Bomfim | Eleições 2024 - Estadão,https://news.google.com/rss/articles/CBMirgFBVV95cUxNSEpUTV9wVlNqMERyUHFKVjJFNUtScldBWVcyb2wxZ3B0ZllRTm5EMWxwOGs2Zk00ejBqS3hTeXl2Sk1fUU5pbTV6aVFwbUFtYlp5MzFHTURnSmYycDRRZ3BjM0xsT0d1WnFDUjBNMzcxT1M0YXZXeEtERWZOLXNUeXVlSXJPNHdFekdNQWVqc2JFLTZPYm1iRmsweDdpaEotN2g3UkhGdzR0V1oyTUE?oc=5
d341319bdc487b786d3b347ae77650c5,2026-08-08 09:50:01,2026,Yuri Almeida,Google News RSS,news.google.com,Jerônimo amplia presença no Instagram e se aproxima de 1 milhão de seguidores - A TARDE,https://news.google.com/rss/articles/CBMitwFBVV95cUxOMEhmMldJVGMwamh0dFZ2dGpXWThIdFhkY0pVejB6bmFYTzdmZ1pCVWpxdF9IUFlWc0JwN2Mwa1pJX1pHMUtJeFY4WkFnX3hoejhNWEJJdDJSZFJHQmZBcml5QTJLbzlENzFwMjJWVldqeldaQWRJcXc1Qmlic1pqVVNZSlpXMkx3UlNTVVJOazVWNU1RbU1acGVRNC1XOTZEOHNBRFBreE80S3Bwa1VyVjV0ZFlKX3fSAb8BQVVfeXFMT2pWTVpfZFNVNnoxWlY5VTd2TnIxdVZ4OE5yOEpPTkE2QlpKR2ZiTkRkR1I0QnU3c0l2dFYwcU9GQkRnMVZ1UFo2SW1aYl9Sd2VNWWo1ei16UnR6cEdRa2djb0VvM3BBUS1Rdk12RWZSeVF0b3JPUFRvU1hkYmVxdDFrVGlVX19pWmxDNUlQYm5BSFF0MmY3aTFRNktiR3cxZFRvUVVnaU9YVDE2ZWh3SHZNUTRVaVI2Zk1nVUxIaFU?oc=5
23a3683da5f0de1bf447c40bb1361b22,2026-08-10 10:33:43,2026,Yuri Almeida,Google News RSS,news.google.com,Alex Luna - Meio campista do Instituto (Córdoba) - ESPN Brasil,https://news.google.com/rss/articles/CBMibEFVX3lxTFBPLXYwRnZZdk1MSlZCNjR4eHBzWEpBLUUwTV9RYmJSZGNYRV93UHV6a05oSjBsLWpSeFJxMFBPMFRieG9uS3luZ1QtODlGclJFOHRsZ3RObWZ5YlkxZnlrVDZtRENUNWhfUm1PMw?oc=5
596ec4ff254b04b477569bfa3bce17bf,2026-08-10 10:33:43,2026,Yuri Almeida,Google News RSS,news.google.com,"Camp Camp (Série de TV 2016–2024) ⭐ 7.9 | Animação, Aventura, Comédia - IMDb",https://news.google.com/rss/articles/CBMiUkFVX3lxTFBvVmJQcjA3NzZWS2o1UlpGWlNjQVF0UV90ZHNHSE8zY2VmNkZyRkdfZkhjNUlhNUhFaFhLbXpUamtRQzVYSVBDRHRfSW1YZGpDRUE?oc=5
e132d552957122b99292c506dbb8017b,2026-08-10 10:33:43,2026,Yuri Almeida,Google News RSS,news.google.com,"O que você vai encontrar em ‘Um Mar Pra Cada Um,’, quarto álbum de Luedji Luna - Billboard Brasil",https://news.google.com/rss/articles/CBMiogFBVV95cUxNdG5xcW9jdUtFQk1NbkFIMlNYRlJmVWRENWI1TUl1cnV2RDh0QlIxaDZmNjMybDVhSEI1ME5xYlZnYXE3LVplNnAtMGdWdkdLSTkwWV83bHNvOWVvWUlvdkxQWGJTVWRITXU2N2Vkc0l6VnpuUUNPeUNETS02d2ZTUldCVXpiMnRhVTZvNEdwRXZvRGJzNXhTdFhnQTNpOC1fVmc?oc=5
8de5664c8d2237fc85b776861b96dd06,2026-08-10 10:33:43,2026,Yuri Almeida,Google News RSS,news.google.com,Sesau regulariza distribuição de remédios para glaucoma - Tribuna Hoje,https://news.google.com/rss/articles/CBMisAFBVV95cUxPQ1F3LXJ0d1lDeWtiazJ5MFl3Skt1Rl91cHBjZmRoQUZtY2I5WkFDY3MtdnIzZldqWUQxRE53OUszVjVSeF80MnBNOVpTRlRka0xrWTl5VS1DTzh5MmNORTBwNDh2Q0N3OHJCMHBqRDU4MjNRREpOc0ZVMkNnT0g4ODVQNmp0Y0lCMFlGZW5aOVR1SnkwcXIyRGFrQkh3dC12dm9wRy1TS0lCZXVBV2pEZA?oc=5
5ad1e5dbff48e46b6d71b1b25b99b97d,2026-08-11 10:08:11,2026,Yuri Almeida,Google News RSS,news.google.com,Me poupem! - Portal Diário do Aço,https://news.google.com/rss/articles/CBMiYkFVX3lxTFBqNExWbU1YcGtrdkxEQ3ZBcHNWb2U4R0pxb3g3UXJyWnFjSzV5a2dUWjNHNmdxbjZ3NFlKN0c5M2NrdF9KRjJsMUZLaGNKWWJSc2RycFN3akVKT3ROVXF2dC1n?oc=5
6d7a029639510fc725a56451f16117af,2026-08-11 10:08:11,2026,Yuri Almeida,Google News RSS,news.google.com,Cobrança de taxa do Ecad em casamentos é considerada indevida - blogs.correiobraziliense.com.br,https://news.google.com/rss/articles/CBMiswFBVV95cUxQeFBxczZGWDI0dDN6SzY4Tjd5WFdEek5aTTc4RlB3WjZpYmd2RG5MQVRkZjd4NTBOTmV0cFpYc05rNno5MzNTcV9mMzNSOTBseE5uUWptbTJTUFplUXVuZmUxcHQyR1JxenRXZWFPVURHN0hHUDcteXI3N3dRMlFQOEdqQkdDOW1CbUo1RGVMa0pXdXd3S2l5Q0ZsYkNzRFlfT09XZHh2REwxQjZhMzNNS1hxNNIBuAFBVV95cUxOVkdCOUh3Q3E5YUpxS1k3WTZPMHF5eVQ2WUg4MGJndWpDOWdaUnowLUVYMk1lSzQzb3kzNVFROVFoSmdQNVQ2T0Y2SE1ac2RneGxzeXNtZWZUbndwRHZuWVpUM2JocnU0Snl6X0ViX2xkSUxUU0hGdmhuMmt1dmMtcEpDOWlsdU5XaFVkYkdhRE1hcjhkcWozc1NmckZHSVFjb2tKdXNoZnJHQkdfN2dRdUp0c2UwQXV2?oc=5
7e886f8ffca8bcd7fe02452f76eb65e9,2026-08-11 10:08:11,2026,Yuri Almeida,Google News RSS,news.google.com,Blogueiro indiciado por extorsão tenta desacreditar operação da PF - oimparcial.com.br,https://news.google.com/rss/articles/CBMirwFBVV95cUxQbkllTERWeWJEVlZXQkV6eVhVejVITnBCSWtiQXVZdC1kSWQxeTdnY0pFOW9PVTVkNzNvYkotcDdDMUgxS2VGQVJaejl5em9KdTQ4TnNLeVB1TjBuS3JnM1kyQXFNdmN1dDM3YzNyTlhXRzhWZ1lZdWswR0U5ZFBEUkcyRmxRcmcwaVJPSjkyQ0NwbXNMLUo2bGItRmIzYzZHdHBnLUhDOWlONXBFRXhJ?oc=5
8e8d6ba4d73b676f19bbd11bb7bf757f,2026-08-12 10:17:17,2026,Yuri Almeida,Google News RSS,news.google.com,Maya Gabeira é indicada ao Oscar das ondas grandes - blogs.oglobo.globo.com,https://news.google.com/rss/articles/CBMiogFBVV95cUxPTUJmVlRNZmdoNV9MeTFuaXdsZU9MMW95clpzSzJHYlBxOEhMY0pheU11cVhOZDZhNEg2UzJJdDdndnhOQVV4bWZsczJwU1pYNG1hV3FleWJGa1BfbjVYOHRuckZRaF9haU5DMy1SdUp3TnRXdk5BeUFQbHZWWW1aZl83ZndWQ0NlSkhweTJUZC1IZ3BrUFR3cUF4bTVPcjZRNUHSAacBQVVfeXFMTkVYdUZzVV9LczIxVjRtSWN3djl5ekxCVU9BNWJreHhMdmRRaUt6eWJvTHBrbDJtV2d3WkhVcWJ6T3FGT2RVZ3FWUkpMTm1VQ2ZDTXFScVRlcTR2QnBkUDhFSHB6Y05JeTY5STZCRDVWT0VWbU5PM1JtODJlUjZRTjdIci0zbnZWX0xOMDVTWEdGLTNSMkhGNlhxdnhFRG9NS0t0emg3ZlU?oc=5
5055355b83d90a97c92bedb07bc81f77,2026-08-12 10:17:17,2026,Yuri Almeida,Google News RSS,news.google.com,Corinthians topa vender Yuri Alberto para clube europeu por R$ 185 milhões - Somos Fanáticos,https://news.google.com/rss/articles/CBMi0AFBVV95cUxONzdmMGZndEQzWkQ4bXVBeHNySXc5eEpGeVdfVlBHalBKeG9ycjBjdjFBY1VQYkRnUllhbmZ5WGphOWdDUVpLVkhrOU5kLXdRSGZkUldiTlF6NUFzUkNubkxJbmdrNjlJMWVaXy10Z0h3SlV2TVJzS2xBNDBvUTdnekpkVzllekppUnQxMllhSGVwLWtLWVhNRG1EVXpOS3gxc0J2bDlsemdPdXVBUk9NbERta0VXY2d4RWtyNl9hLThicGNIa0NIaFh6MDZhQkVZ?oc=5
e3209dfc21253e708f9ae0ae37c112c6,2026-08-12 10:17:17,2026,Yuri Almeida,Google News RSS,news.google.com,Anielle Franco demite secretário ligado a Silvio Almeida - Folha de S.Paulo,https://news.google.com/rss/articles/CBMiqgFBVV95cUxPOU81bVRYUTNpMi0wRzMzX2xJRUppWjdaRjE2NEY4LXF3a0ZYV2VFaUVBQlFQdWxYU3c4YS1SRjhIM1BjV2lEWVVVWkJLX3ZxUGNhOUEyYWthLWN0blV5YzgzZ3dVdFVpTjBydkRJS3RQemV0ZHYxM2hLRF9ia18yeEV1YnVvV1U3UDd5WkVJcU1KZFN2R0VKVTZUeGZRRzRWSld2OGxaQThDQdIBrwFBVV95cUxPSWJoV1dYSE1XVC05TllVUTVsUmM3V3Atb3JBZ3RFendtOEJJcWhyczVvcVF1UEN4cXlJdjh1akVXV25kOGpCUzNzVklBUWluUWZsbVM5R21ySWUxOGtQa0dINTg5YWpPUVEwdkR4bVMySzFxUzRZYkpCX1NKV0puVzhJczByM0VLbENoRDY2Z2RtTUo4X3lkNHBUV0syODAzelY1SWtnVV90bjRlRlI0?oc=5
924540f10c827c7fba8aca1f495845e3,2026-08-13 10:19:13,2026,Yuri Almeida,Google News RSS,news.google.com,A matemática da Ilusão: o que a pesquisa Quaest realmente diz sobre as eleições de 2026 na Bahia - :: Bahia Jornal ::,https://news.google.com/rss/articles/CBMi2AFBVV95cUxPaHJUMUhjMThtTXg3YWVLWEJBS2VHTU1UZWl1ME45MU5fLTE4TVVUY0VITDBkY1ZaU3N6UjlDQ3pPWk40UTB1SlhVQW8xeHpDdnpJa1ZMRVUyVlFkWDlsMWpqVWxFZ2szZ3ZMTHJnLUE1WVZLVE85cVFhV1o1ajlYb3VEclFIRmcxa1FteGtNTXh0UXJHRkZIdVFSeTVIWTlTaUhyc1g2blZaMm9pbkpKbU81WTFmd2o1ZUZRcmZiWFhEYkFTSUhsYTFXVTZ0TmVGQ0ctS2Z6TEQ?oc=5
098f9de4a5d63174845d697f51f53cad,2026-08-14 10:13:59,2026,Yuri Almeida,Google News RSS,news.google.com,"Eleição em Petrópolis confirma Hingo Hammes como próximo prefeito - Eu, Rio!",https://news.google.com/rss/articles/CBMiqAFBVV95cUxOX3BfZElxbWstTHd4Z0NNOEJlQl90cUJTXzdrRmE1OEVnYi1zUllIOFg0aGJXMW9ibUNpdGRsTVVqYy1HUTNUQjNZZThwQlhCMnFGdTFGS0l0T2VWM2RWeHRfRmJDdHJJbUpGYVlJZjB2c3ZURWZKX1lDU0tlUFJwMWwzbkRyNWdMcWpyRTlVTE84YjdHdEEzSnVpTVhWNWVEeVNyN0ZvY3DSAacBQVVfeXFMUDVtZHdOSEw4LXNudFFIdU5MZF9nMFdhZ2tKaW9qMVljVEZLbTczWW4xWVBZWnJCZm02dVNVTUpuSVZ4c1cxMVptRGowVnkzc3lqM1Y0alFxRHBkZXBSc2hjMkd1R3NpLUM0RlNCTng0QlhqZGxPSlFLVlFyc3ZiNnh0bkNDMURablotekxJa2F1QXloX3ZLT0I0dWlxSkJTRG9xRjNnVlE?oc=5
ad54f2b590a2c8d0f8ea73292e04598d,2026-08-14 10:13:59,2026,Yuri Almeida,Google News RSS,news.google.com,Receitas simples para fazer em casa - Imparcial.com.br,https://news.google.com/rss/articles/CBMihgFBVV95cUxOZkx2YXdmeU5WbGl6NFR2WGVKdHBTcGxnWHpfVnpkTUJSbGh4cl9LMHZ6VlNTUnR6ZlBBN2YxNEdGUFNHb3Nia1BCWFJRckluelRoZUlWQ1dzTTlOUUF5c2JlN0hSMGlCOERaUW1tQk11V3MtQmxtaDJjenA3cDVCY3JQVUE4Zw?oc=5
ae869829f82347f1b977bcb92a72cf03,2026-08-16 09:37:05,2026,Yuri Almeida,Google News RSS,news.google.com,EDVALDO NILO MANTÉM VÍNCULO PROFISSIONAL COM ADVOGADO RÉU EM AÇÃO PENAL NO STJ - :: Bahia Jornal ::,https://news.google.com/rss/articles/CBMiwgFBVV95cUxNZk1RSTMySWVVNEFCaWY2OTB3Sk1Rem96Z3RmbTU0S3Njb01jcktCZnFSd1VtWWFwbnZCbVA0djBjdWIzTEhyT2ZVTWZwbWd0OHFqdlc2eWs0eWJDNVpIeFA5NUNPSnZuSktFci1NSnZxa2pJU2xGVVhNVmVsbUtIcmNYcGFZY2pQNTN5dkZ1a2dCSnl0Uy1hbHFUbnFqMGVxVmVzVmFPN2t3LVBFUmdoYzRMWmYxVEtYWF9xR1IxOVZXQQ?oc=5
718b4abfee09341baff9ab96c31e8b1c,2026-08-16 09:37:05,2026,Yuri Almeida,Google News RSS,news.google.com,Hingo Hammes é eleito prefeito de Petrópolis em segundo turno - Portal AZ,https://news.google.com/rss/articles/CBMiswFBVV95cUxNcjI5MTdLbTE2Wjc2VW9aSTBwRGwtdlBCSGlZb3BKRl9nWTFnSDVBNXNyc0FsSGVzekloMFRfaW1uVmlvQXBKd0dpX2NJU1JtTlVUaTU0VkdSMEd0SVYxTEpQVW8ySjVRQVJPYU9kRnQ1X043bXdSRlVLUHNFNzU1Tk5kbjFnOWYxX0p0TzZsMVZSTDk5VWhWdTBfYVJZUUo0aGhnOWtCRWF2RVNvZjB0bnhiRdIBuAFBVV95cUxQNGg4RFpXMVVfaHE4VFNocFdOMm0xb2ZjMkdxWG9odXFsMVZFZzVHalpYd0lfbW1za3JQX1NXRlZtZFhMMkFvM3QxZE9BeXhkZEJCMmZGa09qelVyU1pTZGdJcHFSUlhOczB4eS1seTN1OGhaYlpveUdXWG1WUlhvelc2cV9uNWJLYzBYV3JNRXR0R0FVWTZ6VVZSODk4MGV6VnYxQVZiNnhlWno5SlNWWUd6ZDV3QlI2?oc=5
7e7b0935891c6d907fbc2d4bc0d13ba1,2026-08-17 09:53:37,2026,Yuri Almeida,Google News RSS,news.google.com,"Cecon/SP homologa acordo de R$ 28,3 milhões e finaliza processo iniciado há 45 anos sobre aposentadoria de trabalhadores da RFFSA - trf3.jus.br",https://news.google.com/rss/articles/CBMiwAFBVV95cUxPeWFQeWlfbmJpNEZ3eFBmSUV1YXlaTm12LVBpWG4zUmY4YWc1MW1WWHlyRHRMMWZUM0x1bERkejNKVkhhMmx5VEc1MjhfSDFiam1fQVdfWU00MzZyYl9LTERBSFV6bXY3S2RiN3VUZnFZRFFmaXhMRFhrS0ROclpJVjhTc2dNYkd5Z0ppNlFFMlYxRGNqS1ROMzJ2V2NVc0xCY1ZLNmlNWGc2UTlOc2lOeHVGM05LV2JVTWVVN2I3REM?oc=5
8c17e438df003e45fa178ea0aea26688,2026-08-17 09:53:37,2026,Yuri Almeida,Google News RSS,news.google.com,Flávio Dino no Twitter: o que podemos aprender com o governador do MA - PCdoB,https://news.google.com/rss/articles/CBMiogFBVV95cUxQLXNZMXY4ZmtDcmRMc2Q4d0VmaERFX2VLdWF0Yzl4OUE0QXgzYmstMFpVWF9PUDBqNG9XSDlaaVNWV3ZfcndlbTVQa2ZmdUZabFRTQVM2SDBhaDRoelhCci1iLWhGVHRhUXBWcTBCNExrMTFUdDh4b1JaUXMtam9GR1RldHBkQVZQWHYtTm91T1FFdkZqLVl1UnlxaFlINVN5NEE?oc=5
