Data_Coleta,Pessoa,Fonte,Portal,Titulo,Link
06/05/2026 19:46,Yuri Luna,Google,eduplay.rnp.br,Menção identificada na busca web,https://eduplay.rnp.br/app/canal/299242
06/05/2026 19:46,Yuri Luna,Google,observatoriolatinoamericano.com,Menção identificada na busca web,https://observatoriolatinoamericano.com/author/yuri-de-oliveira-luna-e-almeida/
06/05/2026 19:46,Yuri Luna,Google,portaltransparenciabrasil.com,Menção identificada na busca web,https://portaltransparenciabrasil.com/viagem/yuri-de-oliveira-luna-e-almeida-0000000000021252771-1
06/05/2026 19:46,Yuri Luna,Google,ifbaiano.edu.br,Menção identificada na busca web,https://www.ifbaiano.edu.br/unidades/lapa/ngti/
06/05/2026 19:46,Yuri Luna,Google,researchgate.net,Menção identificada na busca web,https://www.researchgate.net/publication/376467786_O_uso_das_tecnologias_da_informacao_e_comunicacao_na_organizacao_do_trabalho_pedagogico_em_uma_escola_de_ensino_fundamental_Pos-Pandemia_COVID-19
06/05/2026 19:46,Yuri Luna,Google,ojs.observatoriolatinoamericano.com,Menção identificada na busca web,https://ojs.observatoriolatinoamericano.com/ojs/index.php/olel/article/view/2082
06/05/2026 19:46,Yuri Luna,Google,anais2.uesb.br,Menção identificada na busca web,https://anais2.uesb.br/index.php/semgepraxis/article/view/2010
06/05/2026 19:46,Yuri Luna,Google,cefor.ifes.edu.br,Menção identificada na busca web,https://cefor.ifes.edu.br/images/stories/Classifica%C3%A7%C3%A3o_preliminar_TCF_05.2026.pdf
06/05/2026 19:46,Yuri Luna,Google,portal.ifsuldeminas.edu.br,Menção identificada na busca web,https://portal.ifsuldeminas.edu.br/attachments/article/6490/Edital%20208%20de%202024%20-%20RESULTADO%20FINAL.pdf
06/05/2026 19:46,Yuri Luna,Google,editorametrics.com.br,Menção identificada na busca web,https://editorametrics.com.br/livro/coordenacao-pedagogica-e-processos-formativos
06/05/2026 19:53,Yuri Luna,Google,concurso.ifbaiano.edu.br,Menção identificada na busca web,https://concurso.ifbaiano.edu.br/portal/eleicao-cis-pcctae-2025/wp-content/uploads/sites/1150/2025/03/resultado.final_.pdf
06/05/2026 19:53,Yuri Luna,Google,portal.ifsuldeminas.edu.br,Menção identificada na busca web,https://portal.ifsuldeminas.edu.br/attachments/article/6490/Edital%20208%20de%202024%20-%20RESULTADO%20PRELIMINAR%20DA%20AN%C3%81LISE%20DE%20PONTUA%C3%87%C3%83O%20(2).pdf
06/05/2026 19:53,Yuri Luna,Google,poscom.ufba.br,Menção identificada na busca web,http://poscom.ufba.br/wp-content/uploads/2025/09/Inscricoes-homologadas-Mestrado-Selecao-Regular-2026.docx.pdf
07/05/2026 11:06,Yuri Luna,Google,ifbaiano.edu.br,Menção identificada na busca web,https://ifbaiano.edu.br/portal/comissoes/comissao-interna-de-supervisao/
16/05/2026 10:10,Yuri Luna,Google,ifbaiano.edu.br,Menção identificada na busca web,https://www.ifbaiano.edu.br/unidades/lapa/files/2024/02/PORTARIA-73_2023.pdf
19/05/2026 11:58,Yuri Luna,Google,ifbaiano.edu.br,Menção identificada na busca web,https://ifbaiano.edu.br/portal/engenharia-agronomica-lapa/wp-content/uploads/sites/21/2017/03/8-Normas-de-Biosseguranca-dos-Laboratorios-Didaticos.pdf
19/05/2026 11:58,Yuri Luna,Google,concurso.ifbaiano.edu.br,Menção identificada na busca web,https://concurso.ifbaiano.edu.br/portal/pronatec-simplificado-20152/wp-content/uploads/sites/29/2015/12/Resultado.pdf
20/05/2026 11:46,Yuri Luna,Google,orcid.org,Menção identificada na busca web,https://orcid.org/0000-0001-7646-3202
22/05/2026 11:42,Yuri Luna,Google,groups.google.com,Menção identificada na busca web,https://groups.google.com/g/pedagogia-uneb-20172/c/hd37cnBjXzg
24/05/2026 10:27,Yuri Luna,Google,anais2.uesb.br,Menção identificada na busca web,https://anais2.uesb.br/index.php/semgepraxis/citationstylelanguage/get/ieee?submissionId=2010&publicationId=2010
25/05/2026 12:24,Yuri Luna,Google,researchgate.net,Menção identificada na busca web,https://www.researchgate.net/publication/360558524_MAES_FORMADAS_EM_DIREITO_NO_ESTADO_DO_RIO_DE_JANEIRO_UM_ESTUDO_SOBRE_O_IMPACTO_DA_PANDEMIA_DE_COVID-19_E_DO_USO_DAS_TECNOLOGIAS_DE_COMUNICACAO_E_INFORMACAO_NAS_ROTINAS_PROFISSIONAL_E_FAMILIAR_DAS_MULH
27/05/2026 12:16,Yuri Luna,Google,researchgate.net,Menção identificada na busca web,https://www.researchgate.net/profile/Isaura-Francisco-De-Oliveira
27/05/2026 12:16,Yuri Luna,Google,groups.google.com,Menção identificada na busca web,https://groups.google.com/g/pedagogia-uneb-20172/c/KxQEsegU7KM
27/05/2026 12:16,Yuri Luna,Google,eduplay.rnp.br,Menção identificada na busca web,https://eduplay.rnp.br/app/video/405211
30/05/2026 10:45,Yuri Luna,Google,researchgate.net,Menção identificada na busca web,https://www.researchgate.net/publication/402633163_TECNOLOGIAS_DA_INFORMACAO_E_COMUNICACAO_NO_ENSINO_DE_POS-GRADUACAO_EM_ENFERMAGEM_NA_PANDEMIA_DE_COVID-19
31/05/2026 10:53,Yuri Luna,Google,escavador.com,Menção identificada na busca web,https://www.escavador.com/diarios/6193456/DOU/secao-2/2026-01-09?page=13
03/06/2026 13:12,Yuri Luna,Google,anais2.uesb.br,Menção identificada na busca web,https://anais2.uesb.br/index.php/semgepraxis/citationstylelanguage/get/vancouver?submissionId=2010&publicationId=2010
03/06/2026 13:12,Yuri Luna,Google,eduplay.rnp.br,Menção identificada na busca web,https://eduplay.rnp.br/app/video/412722
07/06/2026 11:05,Yuri Luna,Google,groups.google.com,Menção identificada na busca web,https://groups.google.com/g/pedagogia-uneb-20172/c/cqkb6KmMpA0
15/06/2026 15:10,Yuri Luna,Google,anais2.uesb.br,Menção identificada na busca web,https://anais2.uesb.br/index.php/semgepraxis/article/download/2010/1577
19/06/2026 12:42,Yuri Luna,Google,poscom.ufba.br,Menção identificada na busca web,http://poscom.ufba.br/wp-content/uploads/2025/09/Inscricoes-recebidas-Mestrado-Selecao-Regular-2026.docx-1.pdf
21/06/2026 11:42,Yuri Luna,Google,iffarroupilha.edu.br,Menção identificada na busca web,https://www.iffarroupilha.edu.br/component/k2/attachments/download/37273/ded369d9fee8ded02ea339cd4bdd2126
21/06/2026 11:42,Yuri Luna,Google,jusbrasil.com.br,Menção identificada na busca web,https://www.jusbrasil.com.br/diarios/71391259/dou-secao-2-05-06-2014-pg-19
29/07/2026 18:11,Yuri Luna,DOU,in.gov.br,"PORTARIA DE PESSOAL Nº 42, DE 20 DE JANEIRO DE 2026 (21/01/2026)",https://www.in.gov.br/web/dou/-/portaria-de-pessoal-n-42-de-20-de-janeiro-de-2026-682322631
29/07/2026 18:11,Yuri Luna,DOU,in.gov.br,PORTARIA DE PESSOAL DE 8 DE JANEIRO DE 2026 (09/01/2026),https://www.in.gov.br/web/dou/-/portaria-de-pessoal-de-8-de-janeiro-de-2026-680155095
29/07/2026 18:11,Yuri Luna,DOU,in.gov.br,"PORTARIA DE PESSOAL Nº 234, DE 25 DE FEVEREIRO DE 2025 (26/02/2025)",https://www.in.gov.br/web/dou/-/portaria-de-pessoal-n-234-de-25-de-fevereiro-de-2025-614890203
29/07/2026 18:11,Yuri Luna,DOU,in.gov.br,"ATA Nº 7, DE 16 DE MARÇO DE 2021 (23/03/2021)",https://www.in.gov.br/web/dou/-/ata-n-7-de-16-de-marco-de-2021-310008162
